{"columns":["open","high","low","close","volume","value"],"index":[1657875600000,1657962000000,1658048400000,1658134800000,1658221200000,1658307600000,1658394000000,1658480400000,1658566800000,1658653200000],"data":[[1280.0,1310.0,1265.0,1290.0,5356251.61136562,6881708456.3981781006],[1290.0,1335.0,1260.0,1320.0,3915201.3862890401,5085915984.1278734207],[1325.0,1350.0,1290.0,1305.0,5970980.0604011798,7884884836.454791069],[1305.0,1395.0,1300.0,1385.0,9779859.79681178,13299686403.7974281311],[1385.0,1435.0,1345.0,1410.0,12084540.0344135594,16773948529.0264549255],[1415.0,1445.0,1355.0,1365.0,13072586.9631212093,18434194067.8690414429],[1370.0,1390.0,1325.0,1385.0,6529794.2152216304,8861080105.1081142426],[1380.0,1605.0,1370.0,1560.0,31790381.5861092992,47424406575.3530349731],[1555.0,1585.0,1500.0,1535.0,10908514.3958330005,16807435697.1205348969],[1535.0,1675.0,1535.0,1635.0,5486290.0365446704,8874974689.3632354736]]}