{"columns":["open","high","low","close","volume","value"],"index":[1657875600000,1657962000000,1658048400000,1658134800000,1658221200000,1658307600000,1658394000000,1658480400000,1658566800000,1658653200000],"data":[[84.3,87.4,83.0,86.1,77975193.4768700302,6685469918.2200517654],[86.0,88.6,83.8,87.4,23159761.8206412904,1992298341.8471207619],[87.2,88.1,84.6,85.8,20986706.7881077789,1811913227.9442625046],[85.8,93.6,85.2,92.2,63662265.0563289598,5781546367.0420999527],[92.2,97.7,91.0,96.3,119539204.8508329988,11278382925.855430603],[96.3,102.0,91.5,92.3,136890045.2655995786,13477829366.4192562103],[92.1,94.4,89.3,93.5,25197265.1993462518,2317068370.5459723473],[93.5,99.2,91.6,92.1,58567039.4743520394,5632800731.820605278],[92.1,94.6,88.8,90.7,27049903.895295281,2477387748.2739243507],[90.8,91.5,90.2,90.5,2748818.5337660802,249291265.2756269276]]}