{"columns":["open","high","low","close","volume","value"],"index":[1657875600000,1657962000000,1658048400000,1658134800000,1658221200000,1658307600000,1658394000000,1658480400000,1658566800000,1658653200000],"data":[[2045.0,2110.0,2030.0,2050.0,3704853.89024468,7616214748.0870923996],[2050.0,2110.0,1990.0,2105.0,2743023.3520770702,5616723343.3378744125],[2105.0,2140.0,2060.0,2075.0,3733193.2416019901,7816972360.4361963272],[2075.0,2235.0,2065.0,2210.0,7077196.1653239802,15378626468.0234336853],[2210.0,2580.0,2155.0,2515.0,25088798.8034727015,59760108475.1297836304],[2515.0,2790.0,2375.0,2445.0,28422753.3720431589,75020390627.845199585],[2445.0,2490.0,2305.0,2470.0,6928111.3291426301,16592280060.4365081787],[2470.0,2650.0,2400.0,2440.0,10877609.0765230097,27618516196.1176834106],[2435.0,2520.0,2350.0,2455.0,5403185.3354100203,13233129299.7665977478],[2455.0,2580.0,2455.0,2455.0,3332462.5329821398,8380031073.883439064]]}