{"columns":["open","high","low","close","volume","value"],"index":[1657875600000,1657962000000,1658048400000,1658134800000,1658221200000,1658307600000,1658394000000,1658480400000,1658566800000,1658653200000],"data":[[434.0,438.0,424.0,433.0,14356063.7868199497,6187279118.3185863495],[433.0,456.0,429.0,447.0,16753835.6228911299,7426988653.477848053],[446.0,454.0,438.0,445.0,10841188.58635162,4823182725.1808071136],[445.0,479.0,443.0,471.0,38404751.8643980101,17806351233.2244796753],[471.0,495.0,455.0,488.0,40752286.0351393223,19233238626.6768531799],[487.0,495.0,447.0,453.0,26474837.1728445217,12642657757.0568618774],[453.0,462.0,438.0,458.0,15566128.3490928095,6998870318.7706899643],[459.0,471.0,442.0,447.0,13349817.4237549696,6143778019.4921770096],[448.0,454.0,434.0,443.0,10618713.9397575594,4719949869.9691162109],[443.0,448.0,443.0,443.0,1241688.18704397,553298209.6441434622]]}