{"columns":["open","high","low","close","volume","value"],"index":[1657875600000,1657962000000,1658048400000,1658134800000,1658221200000,1658307600000,1658394000000,1658480400000,1658566800000,1658653200000],"data":[[1420.0,1465.0,1365.0,1390.0,20635757.9051506482,29270913097.7507171631],[1390.0,1530.0,1385.0,1460.0,27146001.0116552114,40093151816.1686706543],[1460.0,1490.0,1360.0,1365.0,16064400.1795849893,22874989092.1861534119],[1365.0,1435.0,1355.0,1420.0,18298342.2812505998,25630136859.9880981445],[1420.0,1505.0,1360.0,1470.0,18289490.0427731313,26018555142.0398292542],[1475.0,1540.0,1330.0,1355.0,15943479.4270755108,23155743704.3354148865],[1350.0,1375.0,1290.0,1355.0,8121378.3377425801,10797915668.8996620178],[1355.0,1405.0,1290.0,1310.0,6930800.0977282403,9340916861.7704105377],[1310.0,1335.0,1275.0,1315.0,3864679.89277888,5049084668.6569061279],[1310.0,1320.0,1305.0,1305.0,266665.26993801,350085900.1402955651]]}