{"columns":["open","high","low","close","volume","value"],"index":[1657875600000,1657962000000,1658048400000,1658134800000,1658221200000,1658307600000,1658394000000,1658480400000,1658566800000,1658653200000],"data":[[440.0,461.0,434.0,443.0,411240294.0121434331,184048750273.9608459473],[441.0,469.0,438.0,460.0,276801595.4254481196,125590963512.0348205566],[461.0,474.0,453.0,454.0,315062413.082341373,146039257456.5843811035],[454.0,484.0,453.0,478.0,457983291.0259596109,216873019463.9217529297],[478.0,493.0,463.0,490.0,381899827.0147551894,182069952193.4038085938],[490.0,502.0,469.0,477.0,373757821.4103857875,182742450125.4022521973],[477.0,485.0,462.0,481.0,224720987.8924141228,106106144766.7178344727],[482.0,488.0,469.0,474.0,194337862.3129707277,93237976831.185256958],[474.0,479.0,465.0,475.0,124830112.2353078127,58997288338.2968826294],[476.0,480.0,475.0,477.0,14123522.0409591198,6737987256.8360519409]]}