{"columns":["open","high","low","close","volume","value"],"index":[1657875600000,1657962000000,1658048400000,1658134800000,1658221200000,1658307600000,1658394000000,1658480400000,1658566800000,1658653200000],"data":[[181.0,187.0,178.0,184.0,11422074.1541836094,2084538654.141702652],[185.0,190.0,180.0,187.0,8131034.4810533496,1503910634.6985366344],[188.0,192.0,182.0,184.0,8006783.4503789498,1497452517.6374225616],[184.0,201.0,183.0,198.0,15008165.2951207701,2898166054.9269037247],[196.0,205.0,191.0,203.0,14730358.6668322105,2920749027.7092299461],[203.0,209.0,190.0,192.0,24812822.1882002205,5022937217.3601331711],[192.0,195.0,184.0,192.0,17175657.1578856893,3251449361.5147800446],[192.0,197.0,185.0,188.0,12014311.6402600892,2302495321.7095985413],[187.0,191.0,184.0,189.0,11200031.11685488,2100146147.3963365555],[189.0,190.0,188.0,189.0,1070722.5530239299,202353613.5099312663]]}