{"columns":["open","high","low","close","volume","value"],"index":[1657875600000,1657962000000,1658048400000,1658134800000,1658221200000,1658307600000,1658394000000,1658480400000,1658566800000,1658653200000],"data":[[512.0,525.0,505.0,521.0,4049555.4712185399,2087209364.5143010616],[521.0,535.0,510.0,531.0,3334098.0041087801,1736651451.9557819366],[532.0,535.0,521.0,524.0,2331510.1520456998,1230248301.8087220192],[527.0,555.0,521.0,553.0,9528602.6808073502,5148506771.1710147858],[554.0,571.0,537.0,568.0,14647127.9861220494,8151808428.4900827408],[569.0,610.0,538.0,544.0,29692185.190109849,17291687779.036239624],[544.0,554.0,523.0,547.0,5188918.5148454905,2784452340.9653258324],[547.0,558.0,537.0,545.0,3734520.81979072,2042776486.4840025902],[545.0,559.0,532.0,545.0,3261210.5358015602,1776095944.4373896122],[545.0,562.0,543.0,550.0,4186400.5612266399,2319404018.5663414001]]}