{"columns":["open","high","low","close","volume","value"],"index":[1657875600000,1657962000000,1658048400000,1658134800000,1658221200000,1658307600000,1658394000000,1658480400000,1658566800000,1658653200000],"data":[[8850.0,9190.0,8770.0,8970.0,816738.73092185,7330468911.2814502716],[8970.0,9485.0,8720.0,9430.0,929550.1649853101,8440892260.4400606155],[9440.0,9630.0,9100.0,9140.0,1012809.59113503,9489106314.2473201752],[9155.0,10090.0,9135.0,10010.0,3227058.6873265202,31270682570.4075813293],[10010.0,11660.0,9870.0,10260.0,8790282.9410801809,91393344267.5469512939],[10260.0,10600.0,9690.0,9800.0,3011320.6625687,30786086516.4611473083],[9815.0,9975.0,9470.0,9895.0,1337179.77337733,13016000810.5740661621],[9895.0,10330.0,9625.0,9685.0,1812130.4627024401,18148235202.6201248169],[9700.0,9860.0,9450.0,9685.0,1177415.11391924,11415232764.789484024],[9690.0,9785.0,9685.0,9725.0,85324.98502876,830788559.7230457067]]}