{"columns":["open","high","low","close","volume","value"],"index":[1657875600000,1657962000000,1658048400000,1658134800000,1658221200000,1658307600000,1658394000000,1658480400000,1658566800000,1658653200000],"data":[[6705.0,7040.0,6560.0,6730.0,17045439.8657803796,115713424255.558013916],[6735.0,6785.0,6500.0,6755.0,6491965.0385163203,43125894947.9239959717],[6755.0,6860.0,6600.0,6660.0,6778996.69587042,45598505884.317199707],[6665.0,7340.0,6565.0,7085.0,20150213.2527639493,141224002124.8737487793],[7085.0,8340.0,6950.0,8275.0,62032175.3977071568,480724437802.0287475586],[8270.0,8775.0,7350.0,7500.0,38676869.581590943,315174431542.1798706055],[7500.0,7685.0,7095.0,7520.0,16890336.6951471083,124798804652.4773406982],[7525.0,7755.0,7200.0,7320.0,15102958.2210331503,113929559332.9719543457],[7325.0,7425.0,7120.0,7330.0,9025893.6576797795,65904626996.9950485229],[7330.0,7375.0,7255.0,7260.0,831167.32244457,6086068723.279753685]]}