{"columns":["open","high","low","close","volume","value"],"index":[1657875600000,1657962000000,1658048400000,1658134800000,1658221200000,1658307600000,1658394000000,1658480400000,1658566800000,1658653200000],"data":[[88.0,89.5,87.8,88.9,122567741.2958717197,10879608033.1075267792],[88.7,91.4,87.6,90.9,112386626.315118283,10027882466.6476535797],[90.6,91.3,88.9,89.2,82709004.4654580057,7474451776.4539794922],[89.1,92.6,88.8,90.5,193167497.860548228,17541084963.2139167786],[90.2,91.4,88.7,91.0,215962086.5026223063,19450926882.3375282288],[90.8,92.4,88.6,88.9,191861847.6520875394,17419098335.2789878845],[88.8,89.9,87.8,89.5,125955723.2897366881,11180607422.6389656067],[89.5,91.1,88.4,89.1,133394252.7873240262,12025629058.5364265442],[88.9,89.6,87.9,88.6,103594599.2213490605,9191125329.645772934],[88.7,89.1,88.5,88.9,7109927.9380422402,631549287.6589243412]]}