{"columns":["open","high","low","close","volume","value"],"index":[1657875600000,1657962000000,1658048400000,1658134800000,1658221200000,1658307600000,1658394000000,1658480400000,1658566800000,1658653200000],"data":[[29.4,30.9,29.0,30.4,363370331.1934504509,10983479026.3155651093],[30.5,31.0,29.8,30.9,56017459.4900042936,1696914836.4625794888],[30.9,31.0,30.1,30.2,71709748.1560466737,2187600014.0139498711],[30.3,31.9,29.9,31.4,252938027.5227852166,7822964918.8667287827],[31.5,32.5,30.8,32.5,137190248.8557328582,4317349021.0080327988],[32.6,33.4,30.6,31.1,158065109.9953628778,5096235165.6581258774],[31.1,31.7,30.0,31.2,57785355.6477164105,1777542450.0859024525],[31.2,31.8,30.8,31.6,68608472.9314233959,2141464164.8054418564],[31.4,31.5,30.8,31.2,38509681.9873248488,1201516853.0158438683],[31.2,31.4,31.1,31.2,3939416.8942678398,122949796.5154797435]]}