{"columns":["open","high","low","close","volume","value"],"index":[1657875600000,1657962000000,1658048400000,1658134800000,1658221200000,1658307600000,1658394000000,1658480400000,1658566800000,1658653200000],"data":[[125.0,128.0,121.0,127.0,42821187.4973633587,5359651347.4759483337],[127.0,132.0,125.0,129.0,30781759.21631331,3936223224.6374483109],[129.0,132.0,127.0,128.0,29589414.0805064216,3815742294.5607323647],[128.0,136.0,126.0,135.0,68703936.6491542011,9083181694.9825401306],[136.0,142.0,132.0,141.0,60260228.2521480322,8187014160.8623428345],[140.0,144.0,134.0,134.0,76656072.2352849692,10706400004.4019145966],[136.0,140.0,132.0,135.0,62660927.4437634572,8443895459.9228105545],[136.0,141.0,134.0,135.0,58040874.5301498994,7927252480.545592308],[134.0,137.0,132.0,135.0,41894139.0351327285,5644819054.486161232],[135.0,137.0,135.0,135.0,2734674.3257065099,370912321.7238581777]]}