{"columns":["open","high","low","close","volume","value"],"index":[1657875600000,1657962000000,1658048400000,1658134800000,1658221200000,1658307600000,1658394000000,1658480400000,1658566800000,1658653200000],"data":[[27140000.0,27899000.0,26914000.0,27518000.0,6257.93313595,171512370994.4794006348],[27496000.0,28387000.0,27114000.0,27857000.0,5336.1088057,147797725204.1985168457],[27856000.0,28481000.0,27453000.0,27505000.0,6347.36604649,177769552412.6480712891],[27505000.0,29613000.0,27450000.0,29322000.0,13859.74527805,398300909441.9459228516],[29322000.0,31050000.0,28476000.0,30660000.0,14595.94785594,432241993220.260559082],[30646000.0,31831000.0,30128000.0,30505000.0,12434.44375652,385272873489.7734985352],[30500000.0,30849000.0,29621000.0,30415000.0,10664.60764073,322028032629.5918579102],[30415000.0,31201000.0,29874000.0,30080000.0,7607.90890932,232744416254.3031616211],[30077000.0,30272000.0,29214000.0,29722000.0,5699.5983605,169985086874.1196289062],[29704000.0,29920000.0,29699000.0,29699000.0,470.99330028,14049473047.0618305206]]}