{"columns":["open","high","low","close","volume","value"],"index":[1657875600000,1657962000000,1658048400000,1658134800000,1658221200000,1658307600000,1658394000000,1658480400000,1658566800000,1658653200000],"data":[[82.2,84.8,81.3,83.2,239897490.1389232874,19913580019.7289047241],[83.2,85.4,81.7,84.6,197657529.9576183558,16540164823.8910007477],[84.6,86.2,83.2,83.4,287945640.9811971188,24393419456.7777633667],[83.5,90.0,83.2,88.5,737008706.6016252041,64242615048.42918396],[88.5,91.7,86.1,90.5,740948367.4123957157,65768586797.5384674072],[90.5,101.0,89.0,92.2,2169499712.9171504974,208899370084.7325439453],[92.2,93.3,88.0,92.0,633444706.6438399553,57521360536.1087036133],[92.1,93.9,88.6,89.4,482352445.3084115982,44234732708.932144165],[89.4,91.6,87.7,89.9,277747076.1684033871,24911928352.7800102234],[90.1,90.5,89.7,89.8,21211712.710053321,1910630607.7718634605]]}