{"columns":["open","high","low","close","volume","value"],"index":[1657875600000,1657962000000,1658048400000,1658134800000,1658221200000,1658307600000,1658394000000,1658480400000,1658566800000,1658653200000],"data":[[4585.0,4790.0,4520.0,4620.0,1668218.4257922601,7745109767.1418609619],[4620.0,4830.0,4470.0,4780.0,1635179.3756913799,7580128632.3280134201],[4785.0,4940.0,4640.0,4655.0,2090168.3077527501,10018381810.1769714355],[4655.0,5360.0,4645.0,5300.0,9876498.9980055392,50485674372.9013061523],[5310.0,6170.0,5240.0,5945.0,22301982.76609217,128458860059.5366668701],[5945.0,6065.0,5440.0,5500.0,5962952.1713094804,34865069440.8174743652],[5500.0,5900.0,5330.0,5750.0,3842893.9321699399,21463845902.8279418945],[5740.0,6265.0,5680.0,5730.0,8937030.5331881903,53686678082.3135070801],[5735.0,5895.0,5515.0,5710.0,3376286.3696613298,19356589226.3041305542],[5710.0,5845.0,5705.0,5715.0,709729.94059107,4101368618.7696585655]]}