{"columns":["open","high","low","close","volume","value"],"index":[1657875600000,1657962000000,1658048400000,1658134800000,1658221200000,1658307600000,1658394000000,1658480400000,1658566800000,1658653200000],"data":[[853.0,939.0,850.0,905.0,60402842.5539754108,54315251766.4532012939],[906.0,910.0,867.0,907.0,13563416.7975919191,12046363404.6735935211],[907.0,939.0,873.0,878.0,20510699.96290778,18619660961.2650642395],[877.0,924.0,870.0,911.0,18011161.3831821196,16249487878.5493679047],[911.0,946.0,878.0,937.0,22828958.4891533218,20799390013.4483451843],[936.0,1005.0,867.0,878.0,55274823.5513518378,52960035146.5446624756],[878.0,899.0,831.0,884.0,15830760.6389516592,13695199980.7516460419],[884.0,897.0,850.0,859.0,11462847.0306058004,10054436142.4586448669],[859.0,894.0,849.0,879.0,9879360.6916508898,8610832566.8674736023],[879.0,885.0,875.0,876.0,789372.2079007199,694175786.0704090595]]}