{"columns":["open","high","low","close","volume","value"],"index":[1657875600000,1657962000000,1658048400000,1658134800000,1658221200000,1658307600000,1658394000000,1658480400000,1658566800000,1658653200000],"data":[[138.0,144.0,136.0,141.0,199180950.9215480983,27878154861.2422561646],[141.0,148.0,138.0,145.0,93034341.8735868931,13232409594.2856330872],[145.0,148.0,139.0,140.0,49970219.4713615775,7184117996.2458534241],[140.0,154.0,139.0,151.0,149635655.338015765,22284903074.6245956421],[150.0,157.0,147.0,154.0,101450474.8316264898,15400525199.9148159027],[154.0,158.0,142.0,143.0,75058550.887905404,11365542048.347070694],[143.0,147.0,138.0,145.0,56872321.3284682035,8097015308.3292779922],[145.0,150.0,139.0,141.0,50050721.2449435964,7239234435.6461076736],[140.0,146.0,139.0,144.0,40658108.8779304177,5799563004.387969017],[144.0,145.0,143.0,144.0,1842580.2955729901,265209426.2120177448]]}