{"columns":["open","high","low","close","volume","value"],"index":[1657875600000,1657962000000,1658048400000,1658134800000,1658221200000,1658307600000,1658394000000,1658480400000,1658566800000,1658653200000],"data":[[45.5,47.4,44.8,46.6,49779084.1969093233,2293443971.2600364685],[46.6,47.8,45.5,47.3,45805867.2485097274,2136177386.6881744862],[47.2,47.7,46.5,47.2,35157235.6877886578,1657419533.7471547127],[47.0,49.4,46.6,49.2,106667104.9804656059,5132164301.5937337875],[49.2,52.6,49.0,51.3,413303021.7206078172,21016506978.8658065796],[51.3,56.4,48.1,48.9,553033173.2650911808,29467147477.9774055481],[48.8,49.3,46.3,49.0,86487677.4379417449,4144575987.2677531242],[49.0,49.6,47.4,48.3,66635295.7584641501,3244179205.2047247887],[48.3,49.3,47.4,48.6,62802329.0597390309,3039883001.0189223289],[48.6,52.9,48.6,49.0,183021309.4499200284,9288772774.9546585083]]}