{"columns":["open","high","low","close","volume","value"],"index":[1657875600000,1657962000000,1658048400000,1658134800000,1658221200000,1658307600000,1658394000000,1658480400000,1658566800000,1658653200000],"data":[[3770.0,3815.0,3710.0,3805.0,642014.6408225599,2421238630.4471898079],[3810.0,3865.0,3770.0,3860.0,597924.3291198401,2280341577.459646225],[3860.0,3870.0,3790.0,3820.0,528609.9682704,2023057590.7071816921],[3825.0,3955.0,3775.0,3950.0,1164742.75647228,4521977394.1942873001],[3950.0,4060.0,3830.0,4060.0,1525240.32745442,6031144081.8042793274],[4060.0,4245.0,3915.0,4040.0,3707271.5488539902,15162397644.8089904785],[4055.0,4245.0,3840.0,4010.0,1776507.93175554,7106261344.6789903641],[4020.0,4050.0,3930.0,4040.0,979478.6701927,3920276996.811486721],[4045.0,4110.0,3930.0,4050.0,1454930.6778824299,5872515237.1683473587],[4055.0,4090.0,4035.0,4050.0,303916.35212527,1233726882.6924126148]]}