{"columns":["open","high","low","close","volume","value"],"index":[1657875600000,1657962000000,1658048400000,1658134800000,1658221200000,1658307600000,1658394000000,1658480400000,1658566800000,1658653200000],"data":[[0.0012,0.0012,0.0011,0.0011,424380474747.9422607422,482027101.1167567968],[0.0012,0.0012,0.0011,0.0011,983891760582.2630615234,1141212187.9432351589],[0.0012,0.0012,0.0011,0.0012,473190834020.6611328125,548034575.3036285639],[0.0012,0.0013,0.0011,0.0012,13709816099598.982421875,16454120079.4887275696],[0.0012,0.0013,0.0011,0.0013,4066108801341.8666992188,4886807374.9470405579],[0.0013,0.0013,0.0012,0.0012,1502403995185.2033691406,1841767285.6566259861],[0.0012,0.0013,0.0011,0.0012,2822931313407.9301757812,3385952363.0243263245],[0.0012,0.0013,0.0012,0.0012,585854205204.6844482422,725648223.9280529022],[0.0012,0.0013,0.0011,0.0012,3146442828252.3852539062,3787438581.5618786812],[0.0013,0.0013,0.0012,0.0012,33519909885.0730476379,41415932.6487763301]]}