{"columns":["open","high","low","close","volume","value"],"index":[1657875600000,1657962000000,1658048400000,1658134800000,1658221200000,1658307600000,1658394000000,1658480400000,1658566800000,1658653200000],"data":[[155.0,162.0,154.0,159.0,7702452.1996822003,1214641355.4282913208],[158.0,164.0,151.0,161.0,8584644.4478232302,1351039981.4958231449],[162.0,164.0,159.0,160.0,8419400.8497966602,1364835133.8430593014],[159.0,174.0,158.0,173.0,13273109.5349461995,2216298533.2342143059],[172.0,181.0,167.0,178.0,26730220.1028837413,4634225769.5454092026],[177.0,185.0,171.0,173.0,27733354.0288870707,4965111930.7483224869],[174.0,178.0,168.0,177.0,10233308.3839006703,1766273858.1557064056],[176.0,182.0,172.0,174.0,10981041.9404536299,1951272399.3620553017],[173.0,177.0,164.0,168.0,15293773.9271146096,2584488598.6703820229],[167.0,169.0,167.0,167.0,1102931.2595148301,184922133.3328989744]]}