{"columns":["open","high","low","close","volume","value"],"index":[1657875600000,1657962000000,1658048400000,1658134800000,1658221200000,1658307600000,1658394000000,1658480400000,1658566800000,1658653200000],"data":[[659.0,678.0,653.0,664.0,6373185.0123845097,4249801345.1516008377],[664.0,680.0,647.0,676.0,6504268.20234189,4322594555.0666313171],[677.0,690.0,657.0,658.0,9776016.7520526592,6579329552.8952217102],[658.0,752.0,658.0,746.0,42945049.136851497,31225110752.1436691284],[745.0,834.0,722.0,820.0,31218391.4995262213,23998964303.6898002625],[820.0,938.0,774.0,783.0,50941138.7821554691,43333872178.5992584229],[783.0,824.0,754.0,811.0,24685870.4547697082,19718544453.0954971313],[812.0,839.0,775.0,784.0,29299460.2709116898,23859901231.7618484497],[784.0,809.0,764.0,786.0,15841252.8959003594,12528196684.2381019592],[786.0,796.0,785.0,789.0,1588358.42166716,1256073513.4181456566]]}