{"columns":["open","high","low","close","volume","value"],"index":[1657875600000,1657962000000,1658048400000,1658134800000,1658221200000,1658307600000,1658394000000,1658480400000,1658566800000,1658653200000],"data":[[131.0,135.0,128.0,134.0,12444016.94623526,1640368669.0328035355],[134.0,137.0,132.0,137.0,7803632.46690543,1048177767.0754458904],[137.0,139.0,134.0,135.0,13336217.3164236192,1820927950.0957691669],[134.0,141.0,134.0,141.0,18980776.795051761,2617848910.0403294563],[141.0,147.0,137.0,146.0,23544141.0219293088,3328778763.0406098366],[146.0,148.0,137.0,141.0,25603735.3198401816,3723609998.9451818466],[140.0,144.0,136.0,143.0,12527240.6623870302,1742191067.2626390457],[143.0,146.0,138.0,141.0,13911731.8537268806,1981472259.474865675],[141.0,144.0,137.0,141.0,10970100.9922257904,1541107209.7599771023],[141.0,142.0,139.0,140.0,1595687.55898082,223766090.7108820379]]}