{"columns":["open","high","low","close","volume","value"],"index":[1657875600000,1657962000000,1658048400000,1658134800000,1658221200000,1658307600000,1658394000000,1658480400000,1658566800000,1658653200000],"data":[[7.64,8.28,7.54,8.04,695211511.2898736,5534774756.0071077347],[8.05,8.53,8.02,8.31,952331466.7560091019,7951064105.429104805],[8.31,8.53,7.99,8.03,490506303.4193058014,4070680177.8047304153],[8.03,9.18,8.03,8.53,4379493763.6988582611,38089239989.3408279419],[8.53,8.76,8.32,8.69,839348477.2496974468,7153615513.741191864],[8.69,9.4,8.41,8.54,1610905456.9675147533,14363440385.9173374176],[8.53,8.69,8.12,8.55,240476401.0667999685,2013456670.6773583889],[8.55,8.58,8.36,8.52,211096666.1824423969,1791853416.3008682728],[8.52,8.73,8.24,8.71,193503492.0673236251,1643870736.4874415398],[8.8,9.12,8.57,8.59,390199892.2813987732,3464825711.7499642372]]}