{"columns":["open","high","low","close","volume","value"],"index":[1657875600000,1657962000000,1658048400000,1658134800000,1658221200000,1658307600000,1658394000000,1658480400000,1658566800000,1658653200000],"data":[[66.3,99.7,65.9,75.4,2752538178.7332229614,219264825702.203918457],[75.4,76.9,69.9,71.2,563624449.808377862,40509534526.646522522],[71.2,71.3,67.6,68.0,209200009.804772079,14487144586.5390472412],[68.0,69.0,66.3,68.9,202790743.4018780291,13785115530.5825119019],[68.9,69.5,66.7,69.5,192351401.5511799753,13121824410.1892223358],[69.5,70.1,65.2,66.0,144447624.0697390437,9910628906.8961238861],[66.0,67.3,63.6,66.3,44545347.6483983621,2910740329.376188755],[66.3,67.4,65.1,65.6,39062618.7120456919,2586859113.9401068687],[65.6,66.5,64.0,66.1,42644952.572435379,2795675572.4533605576],[66.1,66.1,65.4,65.5,3365389.2896730001,221267100.7897754312]]}