{"columns":["open","high","low","close","volume","value"],"index":[1657875600000,1657962000000,1658048400000,1658134800000,1658221200000,1658307600000,1658394000000,1658480400000,1658566800000,1658653200000],"data":[[3630.0,3725.0,3600.0,3670.0,702712.58092074,2563936847.1312804222],[3670.0,3815.0,3610.0,3805.0,721681.51034273,2697227158.4013543129],[3795.0,4065.0,3730.0,3895.0,3808421.4488977501,15028633205.6520748138],[3900.0,4270.0,3875.0,4185.0,7586530.5077750804,31376334903.2878036499],[4180.0,4305.0,4035.0,4260.0,2414888.3221658901,10094275411.033246994],[4260.0,4410.0,3985.0,4010.0,1689942.45901571,7155465549.0602617264],[4010.0,4110.0,3915.0,4085.0,823332.15115548,3309314937.5106163025],[4085.0,4610.0,4055.0,4305.0,11925675.9059783109,52824104679.3082046509],[4305.0,4635.0,4220.0,4555.0,4789369.2653698297,21291088991.645565033],[4545.0,4595.0,4465.0,4515.0,418172.819711,1891456756.6442964077]]}