{"columns":["open","high","low","close","volume","value"],"index":[1657875600000,1657962000000,1658048400000,1658134800000,1658221200000,1658307600000,1658394000000,1658480400000,1658566800000,1658653200000],"data":[[355.0,364.0,352.0,357.0,4648261.76295349,1657886385.4499080181],[358.0,368.0,350.0,365.0,3823591.3674880802,1370292997.4102101326],[365.0,375.0,360.0,360.0,4145664.2451062701,1518330498.1992044449],[361.0,390.0,360.0,387.0,6364940.1058294903,2396068642.0694088936],[387.0,409.0,378.0,405.0,6551640.0867052004,2574116847.1363773346],[406.0,418.0,380.0,384.0,9166515.8179169297,3693748892.0716452599],[385.0,397.0,373.0,392.0,4170376.1283889799,1607762515.939948082],[394.0,427.0,391.0,400.0,18408039.7435469814,7596683580.7014398575],[400.0,412.0,388.0,399.0,4206341.0829276098,1680877025.354640007],[400.0,404.0,399.0,401.0,521837.54241551,209654884.6279786825]]}