{"columns":["open","high","low","close","volume","value"],"index":[1657875600000,1657962000000,1658048400000,1658134800000,1658221200000,1658307600000,1658394000000,1658480400000,1658566800000,1658653200000],"data":[[19400.0,20170.0,19200.0,19880.0,668372.0923568,13126145337.3400611877],[19880.0,23090.0,19360.0,22810.0,2939925.7005815702,63902949657.7090682983],[22820.0,27100.0,22110.0,25430.0,13694693.6423619799,342723276778.4503173828],[25420.0,33550.0,25330.0,33110.0,16721702.9905405995,491034616553.2271728516],[33110.0,36500.0,31930.0,33270.0,20040013.0204221308,677430495651.4820556641],[33270.0,33910.0,30310.0,30650.0,9471331.3540688306,307873232954.6272583008],[30660.0,34700.0,29240.0,34580.0,9461657.0493645109,299540670554.6357421875],[34570.0,35430.0,32010.0,33050.0,9161201.2600637209,313295869237.900390625],[33040.0,37000.0,32650.0,33830.0,11521414.2931222692,403954378201.8254394531],[33830.0,35280.0,33520.0,34540.0,1168676.6815271,40054112705.933883667]]}