{"columns":["open","high","low","close","volume","value"],"index":[1657875600000,1657962000000,1658048400000,1658134800000,1658221200000,1658307600000,1658394000000,1658480400000,1658566800000,1658653200000],"data":[[30.0,30.9,29.7,30.3,170508170.189116478,5158014159.9536266327],[30.3,31.3,29.7,31.2,166461187.0029845238,5077373463.2571496964],[31.2,31.8,30.6,30.7,205762705.0762249827,6403638684.3978481293],[30.7,32.6,30.5,32.4,388683726.3487976789,12363417595.2157535553],[32.5,34.5,31.5,34.2,488735575.6444501281,16080779966.7101325989],[34.3,36.1,33.2,33.2,668856532.6377803087,23450155346.6755828857],[33.2,33.8,32.1,33.3,235875534.0536459684,7762992066.8524198532],[33.4,35.3,33.2,33.6,394822420.5764248371,13534442440.6812477112],[33.5,34.1,32.5,33.2,262628961.6764810681,8750797187.5949859619],[33.2,33.5,33.1,33.2,17395519.0505739413,578942398.423350215]]}