{"columns":["open","high","low","close","volume","value"],"index":[1657875600000,1657962000000,1658048400000,1658134800000,1658221200000,1658307600000,1658394000000,1658480400000,1658566800000,1658653200000],"data":[[0.0514,0.0523,0.0508,0.0518,88057271491.8669433594,4544976498.8366088867],[0.0518,0.0534,0.0511,0.0531,110458013431.031036377,5792650467.8800840378],[0.0531,0.0558,0.0523,0.0528,310381584865.5817260742,16764328008.3837928772],[0.0528,0.056,0.0527,0.0553,335735514856.4938354492,18360611578.4100341797],[0.0553,0.0574,0.0536,0.0571,250853725891.3781433105,13904601814.2596206665],[0.0572,0.0594,0.0536,0.054,364026685326.1343994141,20786396359.9417228699],[0.054,0.0548,0.0521,0.054,138701704920.1737670898,7382923351.8069581985],[0.0541,0.0583,0.054,0.0554,556467348734.7159423828,31392685070.8375358582],[0.0554,0.0561,0.0536,0.0553,146512950661.6235961914,8054461806.2336359024],[0.0553,0.0556,0.0549,0.0551,13090740747.5725440979,723693373.7108103037]]}