{"columns":["open","high","low","close","volume","value"],"index":[1657875600000,1657962000000,1658048400000,1658134800000,1658221200000,1658307600000,1658394000000,1658480400000,1658566800000,1658653200000],"data":[[68750.0,70290.0,68400.0,69270.0,33974.33881538,2354070807.7115068436],[69220.0,72200.0,68530.0,71360.0,23959.45268213,1690239985.7075636387],[71360.0,75330.0,69970.0,70680.0,113427.01175672,8258792255.3274459839],[70680.0,76110.0,70640.0,75170.0,283549.39912676,21031965019.0142860413],[75170.0,78080.0,72930.0,76240.0,76936.87619544,5778852943.0578966141],[76240.0,77190.0,72530.0,73230.0,54981.69601644,4146896161.1838498116],[73170.0,75700.0,72570.0,74410.0,88107.97472979,6538500353.2625665665],[74410.0,84000.0,74220.0,77120.0,754991.16899368,60131531514.5394363403],[76760.0,78290.0,74290.0,75260.0,96897.91933289,7385445375.8796243668],[75190.0,77900.0,75000.0,75730.0,37104.14112322,2836570836.6792387962]]}