{"columns":["open","high","low","close","volume","value"],"index":[1657875600000,1657962000000,1658048400000,1658134800000,1658221200000,1658307600000,1658394000000,1658480400000,1658566800000,1658653200000],"data":[[60.0,61.9,58.6,61.5,124361633.1321867704,7512998245.3106594086],[61.4,62.0,59.7,61.5,50470875.3370963037,3071311775.6916298866],[61.5,62.8,60.1,60.3,51182843.0345530063,3138433669.9260807037],[60.4,62.5,59.7,62.5,75583839.5756029636,4635092255.0365943909],[62.5,65.5,61.4,64.7,98432422.7333001047,6213316309.0192022324],[64.7,66.9,61.3,62.0,88707669.4963881373,5744802069.863117218],[62.0,63.5,60.0,63.4,33407530.1317295209,2057039947.7029285431],[63.4,65.8,62.1,62.7,64419804.4647947624,4091053485.8290758133],[62.8,63.4,61.1,62.5,19661842.6457255594,1224211813.8831670284],[62.6,63.6,62.2,62.2,4518804.2712598899,283868109.4351495504]]}