{"columns":["open","high","low","close","volume","value"],"index":[1657875600000,1657962000000,1658048400000,1658134800000,1658221200000,1658307600000,1658394000000,1658480400000,1658566800000,1658653200000],"data":[[50.2,51.2,49.3,50.4,387334605.8247430921,19462674542.1697769165],[50.4,51.5,49.3,51.1,250111774.8457262814,12597452625.341293335],[51.1,52.0,50.0,50.6,314083556.2174084783,15999175232.2919254303],[50.7,53.8,50.3,53.6,544262002.5243278742,28568087325.4771995544],[53.6,59.6,52.0,57.7,1457105439.4660673141,81918061029.287902832],[57.7,62.8,53.1,53.7,1416253413.5244634151,83557059085.0713043213],[53.7,55.2,51.5,54.7,394609222.3711333871,21113220402.0210800171],[54.7,56.0,52.3,53.1,326249625.9729467034,17747993889.4879798889],[53.1,53.8,51.5,53.0,218753009.4741867781,11556850782.228187561],[53.0,53.5,52.9,52.9,20285770.8964979798,1079166184.4087371826]]}