{"columns":["open","high","low","close","volume","value"],"index":[1657875600000,1657962000000,1658048400000,1658134800000,1658221200000,1658307600000,1658394000000,1658480400000,1658566800000,1658653200000],"data":[[477.0,491.0,466.0,486.0,10030322.2306776792,4804892857.5255699158],[485.0,495.0,476.0,493.0,4081224.2895108601,1977568420.7330203056],[492.0,495.0,484.0,487.0,4122874.5852745599,2013264312.3522715569],[487.0,512.0,479.0,510.0,11898171.4801280703,5953477536.514919281],[511.0,527.0,498.0,525.0,10791463.4850621708,5509168812.7219963074],[525.0,550.0,501.0,509.0,28218282.03354913,14970611035.6139965057],[508.0,516.0,487.0,512.0,7251548.40956493,3640943189.6251745224],[511.0,545.0,511.0,537.0,38020543.1773978174,20104489472.9855003357],[538.0,553.0,512.0,524.0,13042899.4021478202,6848841634.0435743332],[524.0,524.0,515.0,519.0,1096299.3157523,569310155.8142023087]]}