{"columns":["open","high","low","close","volume","value"],"index":[1657875600000,1657962000000,1658048400000,1658134800000,1658221200000,1658307600000,1658394000000,1658480400000,1658566800000,1658653200000],"data":[[37.0,38.4,36.6,38.2,111420821.6887497753,4188062447.7981162071],[38.1,38.8,37.3,38.5,38128939.7967470214,1448900319.9970612526],[38.6,39.7,38.0,38.4,87344661.9046806991,3391544134.1510686874],[38.4,40.0,38.1,39.7,87705395.8638296872,3443399617.6405582428],[39.8,41.6,38.7,41.2,168805899.6290008426,6763571990.4641284943],[41.2,41.9,38.8,39.2,141463673.3436464965,5765832398.9755373001],[39.3,39.8,38.0,39.6,54696891.5622265935,2131272600.3946332932],[39.7,42.6,39.4,41.2,315169789.2342137098,13034435237.3875865936],[41.3,41.6,39.6,40.3,81752058.0158138722,3326632504.8719711304],[40.3,40.5,40.0,40.2,5866296.92344099,236509108.1392074823]]}