{"columns":["open","high","low","close","volume","value"],"index":[1657875600000,1657962000000,1658048400000,1658134800000,1658221200000,1658307600000,1658394000000,1658480400000,1658566800000,1658653200000],"data":[[38.9,40.3,38.1,39.6,168274208.8558107615,6659946330.5444021225],[39.7,40.1,38.6,39.9,64260797.00672739,2536772841.80778265],[39.9,40.1,39.1,39.1,64832471.0998498723,2570647138.0872602463],[39.2,41.0,39.0,40.8,127636229.3433011174,5127500421.6102056503],[40.7,42.4,40.0,42.4,158424138.1152896583,6524116815.8576316833],[42.4,43.5,39.9,40.3,218549965.1786886752,9260922210.407371521],[40.3,40.8,39.1,40.6,81181411.964535743,3241392870.4579262733],[40.7,41.8,40.2,41.2,88704822.0100584477,3643338916.1669826508],[41.2,41.4,39.9,40.8,45527754.3502872065,1853926224.1893677711],[40.9,40.9,40.7,40.7,4291398.1697426904,174992019.2212933302]]}