{"columns":["open","high","low","close","volume","value"],"index":[1657875600000,1657962000000,1658048400000,1658134800000,1658221200000,1658307600000,1658394000000,1658480400000,1658566800000,1658653200000],"data":[[303.0,309.0,299.0,305.0,6656260.7599071404,2017552062.1518414021],[305.0,314.0,300.0,310.0,6084179.10861143,1863974959.9364647865],[311.0,317.0,302.0,303.0,6548437.16877311,2021030561.481931448],[304.0,329.0,303.0,327.0,11134885.6434387993,3511350364.9698328972],[326.0,338.0,319.0,335.0,10775686.9311241508,3542188449.5029478073],[336.0,359.0,322.0,326.0,30141052.2539057992,10323374380.3286914825],[325.0,336.0,315.0,326.0,10098597.6529501807,3270540424.2477250099],[326.0,344.0,322.0,328.0,18454561.0479986109,6139411150.5843706131],[328.0,338.0,318.0,327.0,9275780.1590589397,3057540820.4629130363],[326.0,329.0,326.0,327.0,576303.55646535,188853819.540585041]]}