{"columns":["open","high","low","close","volume","value"],"index":[1657875600000,1657962000000,1658048400000,1658134800000,1658221200000,1658307600000,1658394000000,1658480400000,1658566800000,1658653200000],"data":[[360.0,380.0,355.0,368.0,10360308.6135647893,3808728733.0334143639],[369.0,376.0,359.0,372.0,5354188.0880418597,1966212135.5491456985],[372.0,381.0,366.0,367.0,4747826.13077763,1768091804.8656671047],[368.0,391.0,366.0,390.0,9141971.7690552194,3481792782.2924137115],[389.0,414.0,380.0,409.0,14356676.4388145395,5657673651.5643510818],[409.0,423.0,380.0,383.0,18452449.7650945187,7466682689.1613616943],[384.0,391.0,371.0,385.0,11969618.9653499797,4563239838.4362716675],[385.0,398.0,375.0,376.0,12329116.6859402005,4761443932.1507749557],[376.0,386.0,367.0,374.0,10737920.8882761598,4030159277.3946905136],[375.0,378.0,373.0,375.0,1119522.59734093,420771780.79050529]]}