{"columns":["open","high","low","close","volume","value"],"index":[1657875600000,1657962000000,1658048400000,1658134800000,1658221200000,1658307600000,1658394000000,1658480400000,1658566800000,1658653200000],"data":[[218.0,220.0,212.0,219.0,17514322.0445371196,3789805743.967022419],[219.0,222.0,215.0,221.0,8823233.7908846401,1925416842.6138074398],[220.0,224.0,218.0,223.0,16008205.6108652502,3544550490.7707924843],[223.0,233.0,220.0,232.0,28476523.0667998195,6450440369.7304105759],[232.0,239.0,226.0,239.0,29376575.4114269912,6808559587.2739753723],[239.0,245.0,225.0,229.0,31383406.4404085912,7462108365.3742523193],[229.0,263.0,228.0,242.0,241175725.1915178895,59942084154.7429962158],[243.0,250.0,236.0,238.0,39275242.5761226192,9506149904.944776535],[237.0,240.0,230.0,236.0,13295657.7703642603,3128230052.5488801003],[235.0,238.0,234.0,236.0,2756019.0246646898,649989644.6086558104]]}