{"columns":["open","high","low","close","volume","value"],"index":[1657875600000,1657962000000,1658048400000,1658134800000,1658221200000,1658307600000,1658394000000,1658480400000,1658566800000,1658653200000],"data":[[26040.0,26750.0,25100.0,25680.0,344034.72926878,8968014452.9328727722],[25680.0,28300.0,24790.0,27970.0,409755.01575735,10995703812.1096534729],[27870.0,29000.0,27130.0,27250.0,468652.22726063,13189154584.6859798431],[27250.0,31750.0,27190.0,31400.0,1329875.8209788201,40408681954.5205154419],[31450.0,34510.0,30210.0,32360.0,934475.24471873,29864432138.4530410767],[32360.0,34600.0,30730.0,31000.0,891220.23951561,29465996689.3925323486],[31030.0,33480.0,29780.0,32850.0,565379.27622381,17911719296.465385437],[32850.0,33600.0,31270.0,31360.0,484997.83386218,15858470607.9631252289],[31380.0,32490.0,30390.0,31270.0,316717.73209,9984607267.5234355927],[31270.0,31670.0,31010.0,31010.0,25107.22285282,787023011.9856617451]]}