{"columns":["open","high","low","close","volume","value"],"index":[1657875600000,1657962000000,1658048400000,1658134800000,1658221200000,1658307600000,1658394000000,1658480400000,1658566800000,1658653200000],"data":[[1105.0,1150.0,1090.0,1120.0,16358111.9390459601,18278473208.2102165222],[1125.0,1155.0,1085.0,1140.0,20077201.8500883207,22456747064.6102142334],[1140.0,1155.0,1105.0,1110.0,16425701.6614953093,18579840215.9572105408],[1110.0,1220.0,1105.0,1205.0,44381371.1139978468,52238729653.074256897],[1205.0,1340.0,1190.0,1315.0,83431074.8128642738,105063806041.5556030273],[1310.0,1335.0,1195.0,1215.0,52700701.9441247806,67690302211.2493972778],[1215.0,1245.0,1160.0,1230.0,35920076.6326227933,43211528988.7397994995],[1235.0,1285.0,1195.0,1235.0,33878591.8019434437,42272991562.639465332],[1240.0,1345.0,1225.0,1295.0,83276221.5182803273,108426323556.4322357178],[1300.0,1360.0,1295.0,1305.0,22918469.6800261699,30415551742.0956077576]]}