{"columns":["open","high","low","close","volume","value"],"index":[1657875600000,1657962000000,1658048400000,1658134800000,1658221200000,1658307600000,1658394000000,1658480400000,1658566800000,1658653200000],"data":[[58.6,67.7,57.4,62.2,1160793542.7141830921,72930329623.0443725586],[62.1,62.3,59.6,61.4,177142833.9205293655,10750072861.2991523743],[61.4,61.5,59.2,59.8,100442478.3436512351,6068280483.7108802795],[59.8,61.8,59.5,61.8,130946314.7630847096,7958851357.0898838043],[61.8,63.9,60.1,63.8,198707213.5918921232,12335257739.0094432831],[63.8,66.6,59.6,60.4,243210422.7125825882,15546958170.199306488],[60.4,61.6,57.6,60.9,104150117.3151869327,6197613222.3325071335],[60.7,61.4,59.6,60.4,56737153.3107363805,3430438464.5393238068],[60.4,64.0,60.2,61.8,244184242.3633748591,15203853962.3948955536],[61.8,62.3,61.1,61.1,23467307.3439374715,1447722317.6899328232]]}