{"columns":["open","high","low","close","volume","value"],"index":[1657875600000,1657962000000,1658048400000,1658134800000,1658221200000,1658307600000,1658394000000,1658480400000,1658566800000,1658653200000],"data":[[2230.0,2360.0,2210.0,2290.0,2545743.1663740999,5831591943.1580162048],[2290.0,2335.0,2230.0,2320.0,1297493.00258413,2959436124.2086796761],[2320.0,2375.0,2260.0,2305.0,1781214.4923998499,4139605014.3916983604],[2305.0,2450.0,2300.0,2420.0,2409699.55681699,5746032496.2826452255],[2420.0,2690.0,2385.0,2560.0,19606196.0532944687,50590020713.5568084717],[2560.0,2620.0,2340.0,2370.0,3481124.08668041,8804446198.3944797516],[2370.0,2410.0,2260.0,2375.0,1817204.5071542601,4251560597.4330377579],[2375.0,2490.0,2315.0,2345.0,2753361.89608783,6644543959.0715456009],[2350.0,2420.0,2310.0,2395.0,2173143.8848019498,5159660477.0354337692],[2390.0,2420.0,2390.0,2395.0,175626.56695699,421860644.8273587823]]}