{"columns":["open","high","low","close","volume","value"],"index":[1657875600000,1657962000000,1658048400000,1658134800000,1658221200000,1658307600000,1658394000000,1658480400000,1658566800000,1658653200000],"data":[[1085.0,1105.0,1070.0,1100.0,1364097.22079681,1488378284.0389006138],[1100.0,1150.0,1090.0,1115.0,3309766.3992983098,3691750596.4760360718],[1115.0,1135.0,1095.0,1115.0,1256020.30829988,1402866208.8314511776],[1115.0,1165.0,1105.0,1160.0,2331644.3529407098,2656660229.3254151344],[1160.0,1210.0,1135.0,1205.0,3265110.8918081,3817071804.5147714615],[1205.0,1240.0,1145.0,1160.0,4174235.9389472301,5046272175.6352577209],[1160.0,1200.0,1120.0,1180.0,3459594.4410271202,4058426834.0106043816],[1180.0,1205.0,1155.0,1180.0,1501080.1470556499,1773916429.2753686905],[1180.0,1190.0,1130.0,1175.0,997989.34662639,1164985876.5160534382],[1175.0,1355.0,1175.0,1285.0,14610379.7273456492,18850332891.9609336853]]}