{"columns":["open","high","low","close","volume","value"],"index":[1657875600000,1657962000000,1658048400000,1658134800000,1658221200000,1658307600000,1658394000000,1658480400000,1658566800000,1658653200000],"data":[[2330.0,2415.0,2275.0,2395.0,1373705.48645023,3246642593.4644775391],[2400.0,2460.0,2330.0,2420.0,1215449.99645463,2912826381.7131180763],[2425.0,2435.0,2365.0,2380.0,643665.09959659,1542005222.6351268291],[2375.0,2495.0,2355.0,2485.0,1839715.9782509999,4496025751.8825111389],[2485.0,2600.0,2435.0,2595.0,2802463.3321559001,6999264263.1399707794],[2595.0,2690.0,2450.0,2495.0,2353741.4474305599,6076348542.3105134964],[2500.0,2520.0,2420.0,2510.0,1162947.6227851,2867567117.0465979576],[2505.0,2550.0,2460.0,2540.0,1014317.72364957,2547179090.3954558372],[2540.0,2545.0,2455.0,2515.0,830595.04935883,2077372828.5283145905],[2520.0,2525.0,2495.0,2505.0,92799.47280151,232977702.8656407595]]}