{"columns":["open","high","low","close","volume","value"],"index":[1657875600000,1657962000000,1658048400000,1658134800000,1658221200000,1658307600000,1658394000000,1658480400000,1658566800000,1658653200000],"data":[[13.3,14.6,13.1,14.1,713973450.9770601988,10066942624.5218639374],[14.1,14.4,13.8,14.3,161555933.8739381731,2278579468.1046471596],[14.2,14.3,13.8,13.9,149215784.4942757189,2094370631.5130140781],[13.9,14.5,13.8,14.5,318432562.1981082559,4516598109.5757827759],[14.4,15.3,14.2,15.2,319714081.3435872197,4660214399.165892601],[15.2,15.7,14.0,14.2,412700112.2771798968,6134545503.7811918259],[14.2,14.5,13.6,14.2,264921681.4457801282,3707680166.5771546364],[14.2,14.4,13.9,14.0,131988026.7044188827,1868629639.4169118404],[14.1,14.3,13.7,13.9,118335883.4618345946,1650692609.249628067],[13.9,14.4,13.9,14.1,54811341.7583226189,777074594.2563636303]]}