{"columns":["open","high","low","close","volume","value"],"index":[1657875600000,1657962000000,1658048400000,1658134800000,1658221200000,1658307600000,1658394000000,1658480400000,1658566800000,1658653200000],"data":[[544.0,557.0,532.0,552.0,7615844.7643450396,4161823985.5699181557],[552.0,573.0,551.0,570.0,14560378.7438308708,8207181267.8472394943],[570.0,573.0,556.0,557.0,5155808.1529593803,2905926967.254840374],[559.0,582.0,556.0,579.0,9100010.2547638305,5194612559.7964897156],[578.0,608.0,565.0,607.0,13941637.0216680095,8109936301.6536979675],[607.0,615.0,568.0,577.0,17089231.1743321493,10226710766.3659000397],[576.0,618.0,564.0,596.0,30171964.9486377202,17856739591.5536499023],[595.0,600.0,584.0,589.0,8514539.2667406294,5037333182.1710424423],[589.0,593.0,565.0,585.0,6258028.7715383098,3642092523.4774012566],[584.0,595.0,579.0,587.0,2353143.8266431,1384884962.4281196594]]}