{"columns":["open","high","low","close","volume","value"],"index":[1657875600000,1657962000000,1658048400000,1658134800000,1658221200000,1658307600000,1658394000000,1658480400000,1658566800000,1658653200000],"data":[[494.0,509.0,485.0,499.0,9755656.0060716104,4855009597.4192743301],[499.0,515.0,496.0,513.0,10997279.6688263305,5554755203.4192876816],[513.0,525.0,502.0,502.0,11199623.2995277196,5756867113.2115535736],[502.0,523.0,502.0,520.0,13343300.3874980099,6849643841.2948770523],[519.0,543.0,515.0,540.0,14185448.1457650494,7476457796.4808444977],[540.0,547.0,513.0,518.0,13411224.59576088,7187280712.1518754959],[518.0,535.0,505.0,528.0,11151375.5312981103,5783326252.8927736282],[528.0,534.0,516.0,521.0,7337302.7795021301,3862896068.6535892487],[522.0,529.0,509.0,516.0,4256621.8621419799,2203256474.789911747],[516.0,525.0,513.0,516.0,1231831.6017551899,638309583.9252531528]]}