{"columns":["open","high","low","close","volume","value"],"index":[1657875600000,1657962000000,1658048400000,1658134800000,1658221200000,1658307600000,1658394000000,1658480400000,1658566800000,1658653200000],"data":[[1245.0,1265.0,1210.0,1220.0,8521827.8059520908,10525438001.5266895294],[1220.0,1270.0,1170.0,1230.0,5933517.5411857497,7179668709.9577226639],[1230.0,1245.0,1180.0,1185.0,5805068.5468121497,7066721719.6878290176],[1185.0,1490.0,1180.0,1480.0,58317094.2069429308,81620421676.3509979248],[1475.0,1525.0,1350.0,1390.0,32683729.6662948206,45931707864.3244781494],[1390.0,1440.0,1265.0,1295.0,17460424.5174105912,24126340530.2636146545],[1295.0,1325.0,1240.0,1310.0,10375508.9458115604,13330462437.041015625],[1305.0,1365.0,1230.0,1255.0,10255786.1987008397,13469113574.5027999878],[1255.0,1275.0,1200.0,1255.0,8111719.2694133697,10078103132.3674926758],[1255.0,1270.0,1250.0,1260.0,668626.25868371,841345425.3173645735]]}