{"columns":["open","high","low","close","volume","value"],"index":[1657875600000,1657962000000,1658048400000,1658134800000,1658221200000,1658307600000,1658394000000,1658480400000,1658566800000,1658653200000],"data":[[17.5,18.0,17.3,17.6,129516458.1142543405,2294982781.7586536407],[17.6,18.1,17.4,18.0,101036381.1312646419,1788406292.5328011513],[17.9,18.2,17.6,17.8,124737958.2442792654,2226078731.713657856],[17.7,18.8,17.6,18.7,204787853.7994350493,3764830545.0040435791],[18.7,19.6,18.0,19.4,307903494.1524053812,5786023972.2861347198],[19.4,19.8,18.0,18.2,301887264.8697242737,5767008698.195605278],[18.1,18.4,17.5,18.3,248052342.8023865819,4460964897.4654350281],[18.2,18.8,17.8,17.9,212201090.3657671511,3886805029.7833685875],[17.9,18.4,17.6,18.0,212224579.8932848871,3830848150.1944241524],[18.0,18.2,17.9,18.0,11572562.8024197109,208944569.8175003529]]}