{"columns":["open","high","low","close","volume","value"],"index":[1657875600000,1657962000000,1658048400000,1658134800000,1658221200000,1658307600000,1658394000000,1658480400000,1658566800000,1658653200000],"data":[[142.0,144.0,138.0,141.0,51159696.0471062064,7213200440.3078870773],[141.0,145.0,139.0,144.0,30044135.3820604682,4277394662.7820115089],[143.0,147.0,140.0,141.0,37067903.8934165612,5319507469.8737754822],[141.0,153.0,140.0,149.0,80031331.8030492067,11837579364.8618373871],[149.0,158.0,145.0,155.0,66057241.4354362637,9977923620.7487983704],[155.0,159.0,145.0,147.0,66657201.5541599095,10305654970.3892307281],[147.0,150.0,144.0,149.0,28006227.5303914994,4120331135.6613368988],[150.0,153.0,146.0,148.0,28261574.6988405809,4233487950.4866156578],[149.0,150.0,145.0,148.0,25075418.7589641511,3703072672.4896597862],[148.0,150.0,147.0,149.0,3366261.82386705,500351040.8940267563]]}