{"columns":["open","high","low","close","volume","value"],"index":[1657875600000,1657962000000,1658048400000,1658134800000,1658221200000,1658307600000,1658394000000,1658480400000,1658566800000,1658653200000],"data":[[6.16,6.59,6.02,6.5,1029750148.1282593012,6541449010.9913845062],[6.51,7.89,6.46,7.01,14991233911.9289226532,110877287945.4935302734],[7.01,8.34,6.97,7.42,14636038479.5294895172,114263271813.552734375],[7.42,7.75,7.05,7.53,4549725002.9531621933,33554147634.2097930908],[7.54,7.73,7.26,7.62,2524981286.2684321404,18866141334.1616096497],[7.62,7.71,7.12,7.3,1227019587.7325131893,9221163777.9166259766],[7.3,7.58,6.94,7.25,683893515.0593802929,4926035235.2040967941],[7.25,7.48,7.07,7.36,405296027.8218919635,2925004930.2605929375],[7.36,7.71,7.24,7.51,897531916.3517227173,6688545242.3154201508],[7.5,7.6,7.38,7.39,84136789.1469460726,625806503.6965154409]]}