{"columns":["open","high","low","close","volume","value"],"index":[1657875600000,1657962000000,1658048400000,1658134800000,1658221200000,1658307600000,1658394000000,1658480400000,1658566800000,1658653200000],"data":[[544.0,623.0,533.0,562.0,47365648.7375772074,27905544061.0458946228],[562.0,602.0,558.0,583.0,38187069.0259264335,22301866543.4444999695],[584.0,620.0,575.0,580.0,30883780.7533744983,18401445676.6634902954],[580.0,602.0,569.0,601.0,11006143.3276218399,6472042334.3231468201],[601.0,622.0,589.0,621.0,9367775.2814745605,5637490859.2666215897],[621.0,668.0,590.0,597.0,25934654.5024424717,16506922533.7470779419],[596.0,626.0,578.0,602.0,8625850.0474800505,5188100589.58589077],[602.0,618.0,579.0,590.0,5742926.4277116396,3445881657.8230962753],[590.0,597.0,576.0,592.0,3282168.5582943098,1928753536.0185930729],[594.0,644.0,591.0,600.0,21168108.83132964,13070266280.4668655396]]}