{"columns":["open","high","low","close","volume","value"],"index":[1657875600000,1657962000000,1658048400000,1658134800000,1658221200000,1658307600000,1658394000000,1658480400000,1658566800000,1658653200000],"data":[[582.0,596.0,572.0,584.0,99624685.2250446975,58053031919.3765792847],[584.0,606.0,573.0,602.0,99657646.6726524383,58886657575.4520492554],[601.0,613.0,586.0,591.0,121716932.2713805735,72870341690.0178222656],[592.0,649.0,588.0,641.0,250448884.9067558646,156287552692.3701171875],[642.0,687.0,623.0,675.0,190569034.2855986953,123819725345.0325622559],[675.0,723.0,638.0,644.0,218045945.2942442596,149726157620.2960510254],[644.0,660.0,626.0,657.0,112294665.7195273042,72165499743.0672149658],[657.0,673.0,633.0,640.0,95321298.9511490762,62449835978.0905838013],[640.0,686.0,630.0,683.0,89957564.2769200653,58746584699.7383041382],[683.0,694.0,679.0,683.0,21896634.4321912006,15035964748.861623764]]}