{"columns":["open","high","low","close","volume","value"],"index":[1657875600000,1657962000000,1658048400000,1658134800000,1658221200000,1658307600000,1658394000000,1658480400000,1658566800000,1658653200000],"data":[[35.6,36.6,35.2,36.0,94264305.5299965888,3383552711.0567903519],[36.1,36.8,34.9,36.7,89281018.9560355842,3208049039.5403823853],[36.7,37.5,35.9,36.3,87590220.1303650439,3208624513.2523775101],[36.4,38.4,36.1,38.2,128576298.0099360347,4825717926.7963027954],[38.2,44.4,37.3,41.3,636816076.8232023716,26178689533.9578933716],[41.4,47.6,39.2,39.4,1223572611.9866018295,53694719734.3095016479],[39.4,40.7,37.6,39.5,127756020.0706366152,4999058114.5447559357],[39.4,40.4,37.8,38.4,93266459.4149676263,3662213037.3139796257],[38.4,38.9,37.3,38.4,61922570.7664932832,2362765681.4906520844],[38.5,38.8,38.3,38.4,4844481.8480986198,186643343.0272337496]]}