{"columns":["open","high","low","close","volume","value"],"index":[1657875600000,1657962000000,1658048400000,1658134800000,1658221200000,1658307600000,1658394000000,1658480400000,1658566800000,1658653200000],"data":[[18380.0,18770.0,18210.0,18480.0,1655980.4423242901,30540476457.8859863281],[18480.0,19020.0,18010.0,18860.0,988845.50760211,18311600120.3075141907],[18860.0,19830.0,18560.0,19190.0,2012509.7547973499,38444772380.1720809937],[19170.0,21540.0,18950.0,21370.0,4208598.28035687,86130595618.4309844971],[21370.0,23000.0,20700.0,22130.0,5003991.9535597404,109436518816.4822998047],[22130.0,23050.0,20310.0,20500.0,3072983.1061848998,67493325049.0400772095],[20500.0,20970.0,19580.0,20720.0,1669006.303657,33837489752.952419281],[20720.0,21790.0,20000.0,20380.0,2284456.6919367998,48089252536.6029052734],[20350.0,24280.0,20120.0,24160.0,9846426.5320306495,222166425497.5885314941],[24160.0,25000.0,23770.0,23990.0,2726809.1686411202,66562678755.3570327759]]}