{"columns":["open","high","low","close","volume","value"],"index":[1657875600000,1657962000000,1658048400000,1658134800000,1658221200000,1658307600000,1658394000000,1658480400000,1658566800000,1658653200000],"data":[[64.3,69.5,63.9,67.9,303084085.4849694967,20346132269.552947998],[68.0,70.3,65.4,69.0,63888103.6184634194,4311826865.9880437851],[68.8,82.4,68.0,82.4,421885651.913890183,31787948105.6826057434],[82.4,89.6,76.7,84.9,1292024663.7611188889,106497362364.0870513916],[84.9,85.6,79.4,83.5,334621076.7228193283,27426175249.7762565613],[83.5,83.7,75.8,77.1,178612088.8099756539,14563044231.7065010071],[77.1,78.5,73.3,77.7,79949840.5399066061,6026186678.995724678],[77.7,78.7,74.8,75.9,54239610.9191698804,4176362466.0108170509],[75.9,82.2,74.8,78.5,264622105.2785654068,20802712515.7830581665],[78.6,78.9,77.3,77.4,10564968.8658486996,824792014.2944107056]]}