{"columns":["open","high","low","close","volume","value"],"index":[1657875600000,1657962000000,1658048400000,1658134800000,1658221200000,1658307600000,1658394000000,1658480400000,1658566800000,1658653200000],"data":[[11460.0,11920.0,11440.0,11670.0,508758.45367007,5922695575.8000364304],[11680.0,12300.0,11440.0,12180.0,212712.58188622,2527433449.2505106926],[12170.0,12680.0,11980.0,12330.0,516518.48892859,6384564646.6944732666],[12320.0,13740.0,12250.0,13580.0,754560.66074102,9763973940.4968566895],[13580.0,13960.0,13090.0,13760.0,454436.5572841,6164480932.6612510681],[13780.0,14060.0,12710.0,12810.0,448761.8928523,6084853854.5920553207],[12810.0,13040.0,12280.0,12980.0,343920.70948581,4366308572.647269249],[12970.0,14960.0,12860.0,13960.0,2879933.4382164101,40586412794.214881897],[13960.0,14480.0,12930.0,13310.0,869667.456149,11969635455.1919269562],[13270.0,13590.0,13260.0,13320.0,94665.19961588,1263409520.6449387074]]}