{"columns":["open","high","low","close","volume","value"],"index":[1657875600000,1657962000000,1658048400000,1658134800000,1658221200000,1658307600000,1658394000000,1658480400000,1658566800000,1658653200000],"data":[[5.82,6.02,5.74,5.92,470841396.6240912676,2778999130.5198154449],[5.93,6.27,5.9,6.06,757350345.5276345015,4612322613.4223365784],[6.04,6.26,6.01,6.07,514141988.7334488034,3154258673.0286664963],[6.07,6.27,6.04,6.25,690531841.3377846479,4262879641.1248321533],[6.27,6.5,6.13,6.46,818397898.1231482029,5172401767.9523506165],[6.46,6.6,6.15,6.27,740178972.6295534372,4789738564.7169618607],[6.27,6.31,6.0,6.27,288724433.0222994089,1773263355.672729969],[6.27,6.33,6.15,6.21,297084574.9758673906,1853104226.1963992119],[6.21,6.26,6.1,6.22,130412735.987060979,806558525.5391837358],[6.21,6.22,6.16,6.18,15975231.8216489796,98875153.3592784405]]}