{"columns":["open","high","low","close","volume","value"],"index":[1657875600000,1657962000000,1658048400000,1658134800000,1658221200000,1658307600000,1658394000000,1658480400000,1658566800000,1658653200000],"data":[[311.0,319.0,306.0,316.0,6727309.87995853,2098306568.4091756344],[317.0,320.0,310.0,318.0,5717951.8353410698,1799210508.3282933235],[318.0,320.0,310.0,314.0,7174090.7148714801,2264311024.7136907578],[315.0,330.0,311.0,329.0,13873331.1952466797,4451421760.0147533417],[329.0,340.0,321.0,338.0,15358108.3244620599,5049017873.668548584],[339.0,348.0,319.0,325.0,29071201.8004058711,9858805943.7709197998],[324.0,332.0,317.0,331.0,11831219.5590771008,3849851491.9228873253],[330.0,341.0,324.0,340.0,10704887.7908786498,3554236045.3647217751],[340.0,340.0,327.0,338.0,7911551.2626762502,2646601590.1014332771],[338.0,338.0,334.0,335.0,670165.6395708,224848356.2818121016]]}