{"columns":["open","high","low","close","volume","value"],"index":[1657875600000,1657962000000,1658048400000,1658134800000,1658221200000,1658307600000,1658394000000,1658480400000,1658566800000,1658653200000],"data":[[23740.0,24680.0,23610.0,24390.0,373679.43456446,9003097561.8447399139],[24400.0,24820.0,24080.0,24730.0,160675.93046247,3921471338.7041487694],[24730.0,25500.0,24340.0,24940.0,745309.82225928,18592787511.6926345825],[24940.0,26210.0,24420.0,25970.0,928591.04093102,23635516018.4188423157],[25970.0,26700.0,25020.0,26600.0,590509.4026632101,15232775344.5718955994],[26600.0,27000.0,24940.0,25320.0,610332.48470762,16091706631.5135002136],[25310.0,25820.0,24450.0,25610.0,226263.34414089,5688889232.5363521576],[25600.0,26650.0,25160.0,26480.0,395554.17095194,10261333328.0356636047],[26480.0,28420.0,25420.0,26220.0,965279.2549835599,25864670411.9248962402],[26220.0,27000.0,25710.0,25720.0,174797.44307557,4601090435.6532812119]]}