{"columns":["open","high","low","close","volume","value"],"index":[1657875600000,1657962000000,1658048400000,1658134800000,1658221200000,1658307600000,1658394000000,1658480400000,1658566800000,1658653200000],"data":[[384.0,397.0,377.0,388.0,12443547.9908367097,4812271272.252450943],[389.0,408.0,386.0,405.0,12605960.1805560794,4989714974.1096591949],[405.0,409.0,388.0,390.0,9858061.1711470503,3934427553.4356660843],[391.0,421.0,387.0,419.0,16805307.0195301585,6869971456.8684873581],[420.0,448.0,405.0,436.0,22205131.2244813815,9423661378.8450107574],[436.0,452.0,408.0,413.0,20829563.7895333618,9086115901.2552032471],[413.0,427.0,396.0,423.0,10574880.9722401798,4353836548.9016952515],[423.0,435.0,407.0,413.0,13489548.56055912,5698382876.4021778107],[414.0,421.0,398.0,408.0,9811926.0341235902,4001336682.6758050919],[409.0,412.0,407.0,407.0,728705.70811875,297982391.4591289163]]}