{"columns":["open","high","low","close","volume","value"],"index":[1657875600000,1657962000000,1658048400000,1658134800000,1658221200000,1658307600000,1658394000000,1658480400000,1658566800000,1658653200000],"data":[[297.0,303.0,292.0,301.0,12190405.2449188996,3639169505.6283717155],[301.0,318.0,300.0,312.0,31973563.5787925906,9862658737.7441539764],[312.0,312.0,301.0,306.0,16251218.7262155898,4968813712.3386716843],[305.0,319.0,302.0,317.0,26502371.2212183885,8235396986.2250080109],[317.0,329.0,314.0,327.0,36781595.9797212109,11794258576.2157020569],[326.0,374.0,319.0,336.0,157108407.6002072096,53950326790.0521774292],[334.0,342.0,312.0,329.0,42689013.6355301887,13744394786.3276290894],[328.0,333.0,320.0,323.0,29883918.9219360687,9770045797.3264923096],[323.0,326.0,317.0,322.0,11415240.2995697409,3674073022.4505867958],[322.0,323.0,319.0,319.0,1396539.2218458101,448252999.0840772986]]}