{"columns":["open","high","low","close","volume","value"],"index":[1657875600000,1657962000000,1658048400000,1658134800000,1658221200000,1658307600000,1658394000000,1658480400000,1658566800000,1658653200000],"data":[[2060.0,2140.0,2040.0,2080.0,1522825.21014926,3175537639.375869751],[2080.0,2150.0,2035.0,2105.0,890176.63937104,1855339630.3948173523],[2110.0,2155.0,2060.0,2080.0,1098639.33328084,2311341678.3617253304],[2080.0,2275.0,2070.0,2265.0,2384356.5975200399,5234892127.3827419281],[2265.0,2340.0,2180.0,2295.0,2969294.01863574,6723299180.0550003052],[2295.0,2335.0,2110.0,2130.0,3642445.00234744,8179640530.8616027832],[2130.0,2220.0,2060.0,2200.0,2454107.355955,5279732658.5172786713],[2200.0,2295.0,2135.0,2170.0,3019430.0823038602,6757289021.3081932068],[2170.0,2220.0,2120.0,2185.0,1292990.29234718,2816702204.2846083641],[2190.0,2280.0,2185.0,2255.0,1142294.6330762701,2568375948.6765518188]]}