{"columns":["open","high","low","close","volume","value"],"index":[1657875600000,1657962000000,1658048400000,1658134800000,1658221200000,1658307600000,1658394000000,1658480400000,1658566800000,1658653200000],"data":[[10530.0,10680.0,10310.0,10650.0,423177.42768564,4441184506.5751571655],[10650.0,10790.0,10380.0,10760.0,335859.77459557,3561533942.9207615852],[10710.0,11330.0,10690.0,10960.0,2002753.71858705,22001119522.0867614746],[10960.0,11360.0,10700.0,11280.0,1490460.4449408799,16465838909.5436573029],[11280.0,11580.0,11000.0,11560.0,987028.2363248901,11073551163.5740642548],[11540.0,12380.0,10810.0,11060.0,2081515.4712195401,24328235504.1594581604],[11070.0,11130.0,10470.0,11060.0,528727.1140005901,5719785264.1277828217],[11090.0,11380.0,10880.0,11200.0,710601.73745541,7920951583.5509233475],[11230.0,12370.0,10950.0,11380.0,3983220.9474110999,46660041036.1095809937],[11380.0,11430.0,11150.0,11200.0,197710.1017718,2229738266.2005748749]]}