{"columns":["open","high","low","close","volume","value"],"index":[1657875600000,1657962000000,1658048400000,1658134800000,1658221200000,1658307600000,1658394000000,1658480400000,1658566800000,1658653200000],"data":[[167.0,172.0,163.0,169.0,33248998.7215801589,5596381010.5018405914],[170.0,176.0,167.0,172.0,37074244.9715466201,6370786523.4219112396],[173.0,173.0,165.0,168.0,27984929.7263577208,4746303274.4292182922],[168.0,176.0,165.0,174.0,40530172.8614856899,6918087671.5959386826],[173.0,181.0,170.0,179.0,40604188.0645234212,7072309672.0246009827],[179.0,188.0,174.0,177.0,76625121.5752781332,13913038147.4350948334],[177.0,179.0,169.0,177.0,43392207.9103647172,7515819582.3725671768],[177.0,178.0,172.0,173.0,26167643.8446119092,4590717187.2926578522],[173.0,178.0,172.0,174.0,23982443.7994816713,4189790895.1901612282],[174.0,175.0,172.0,173.0,1692106.1788063999,293729485.4677333236]]}