{"columns":["open","high","low","close","volume","value"],"index":[1657875600000,1657962000000,1658048400000,1658134800000,1658221200000,1658307600000,1658394000000,1658480400000,1658566800000,1658653200000],"data":[[484.0,496.0,476.0,489.0,7738988.2294398602,3768650768.1080241203],[490.0,518.0,482.0,506.0,23749860.0770621896,11931880578.8042755127],[508.0,520.0,496.0,497.0,12927155.2856899593,6554703042.4196548462],[497.0,532.0,496.0,528.0,17185327.7288975604,8904581383.0819950104],[529.0,558.0,517.0,550.0,23430462.6993391998,12610996802.7262802124],[550.0,568.0,520.0,525.0,22771530.5910947397,12529935970.5497913361],[525.0,536.0,511.0,533.0,10059639.3155626692,5278150553.7923669815],[533.0,551.0,518.0,524.0,11982375.3041268904,6423015404.4959669113],[524.0,538.0,514.0,528.0,9047949.1879499406,4768903305.6653270721],[529.0,530.0,525.0,526.0,973516.75024136,513688741.1650999188]]}