{"columns":["open","high","low","close","volume","value"],"index":[1657875600000,1657962000000,1658048400000,1658134800000,1658221200000,1658307600000,1658394000000,1658480400000,1658566800000,1658653200000],"data":[[241.0,243.0,232.0,240.0,63125294.2193730995,14965556315.1632995605],[241.0,242.0,233.0,240.0,30683919.3659021482,7297663195.1998920441],[240.0,241.0,233.0,235.0,20769834.9280471094,4917598188.3054857254],[234.0,243.0,233.0,242.0,39509931.1050517932,9437506110.4031085968],[241.0,248.0,236.0,246.0,44355442.914275609,10690014484.3978900909],[247.0,266.0,232.0,238.0,117507388.0947562456,29668341868.7427215576],[238.0,242.0,228.0,237.0,31000501.8729717396,7235154086.0296697617],[238.0,239.0,230.0,234.0,20762586.0260582902,4879806879.1447629929],[233.0,235.0,229.0,233.0,12532618.4860463999,2906411150.0813384056],[232.0,233.0,230.0,231.0,1676045.47495323,387812094.2086591721]]}