{"columns":["open","high","low","close","volume","value"],"index":[1657875600000,1657962000000,1658048400000,1658134800000,1658221200000,1658307600000,1658394000000,1658480400000,1658566800000,1658653200000],"data":[[20710.0,21270.0,20250.0,21030.0,156995.61442675,3249267722.8547987938],[21030.0,23600.0,20620.0,22560.0,637676.40164868,14142140949.1284122467],[22590.0,24950.0,21830.0,23330.0,2594313.6314718402,61413277593.0207443237],[23260.0,26280.0,23150.0,25740.0,2425938.5767907598,60432580102.936706543],[25750.0,27500.0,24570.0,26280.0,1472504.20413561,38073273888.4295120239],[26280.0,26630.0,23990.0,24370.0,566495.8162087901,14544473767.4609584808],[24370.0,25300.0,23190.0,25170.0,341514.89072751,8262656811.4857149124],[25180.0,32420.0,25180.0,31300.0,8008497.9434830202,240656818731.5289916992],[31310.0,32950.0,29520.0,30740.0,3811419.9702808,118838846396.1566314697],[30740.0,30880.0,29920.0,30340.0,208862.01541294,6350930224.9278841019]]}