{"columns":["open","high","low","close","volume","value"],"index":[1657875600000,1657962000000,1658048400000,1658134800000,1658221200000,1658307600000,1658394000000,1658480400000,1658566800000,1658653200000],"data":[[5.29,5.42,5.17,5.37,1021900920.8597359657,5434486762.1935405731],[5.37,6.59,5.36,5.69,13256409659.4670906067,78957124189.5686645508],[5.68,6.19,5.62,5.72,6176435600.9801034927,36269515966.2999649048],[5.71,5.92,5.61,5.91,2365984322.647462368,13624452645.9405326843],[5.89,7.14,5.74,6.2,10229757901.7235507965,64574419805.9502639771],[6.21,6.58,6.05,6.23,4488525132.7438669205,28306880766.8214225769],[6.22,6.24,5.81,6.14,1785345031.5533456802,10719964406.6660270691],[6.13,6.18,5.99,6.06,1149593110.8344602585,6987457192.5106344223],[6.07,6.13,5.89,6.03,873087026.1476749182,5253598675.5427837372],[6.02,6.07,5.98,6.0,75949239.0357532054,456952191.2140492201]]}