{"columns":["open","high","low","close","volume","value"],"index":[1657875600000,1657962000000,1658048400000,1658134800000,1658221200000,1658307600000,1658394000000,1658480400000,1658566800000,1658653200000],"data":[[1530.0,1570.0,1515.0,1535.0,4000992.1010805899,6170299841.0928878784],[1535.0,1575.0,1495.0,1565.0,2925141.6296087601,4493740755.6994915009],[1565.0,1595.0,1525.0,1595.0,6883783.7643652502,10768722156.2900066376],[1595.0,1700.0,1565.0,1695.0,12765702.7051938791,20951481246.2977104187],[1700.0,1770.0,1645.0,1745.0,7719218.6586077902,13224649481.0913143158],[1745.0,1795.0,1605.0,1615.0,7759153.45870395,13306778235.7710704803],[1615.0,1685.0,1570.0,1655.0,4574260.2777841697,7396461843.0219049454],[1650.0,1725.0,1605.0,1625.0,3609734.00710809,6030184388.1697969437],[1630.0,1745.0,1610.0,1720.0,9541802.5798193496,16097012931.2998466492],[1725.0,1765.0,1720.0,1730.0,1642030.3377092199,2860543617.4040136337]]}