{"columns":["open","high","low","close","volume","value"],"index":[1657875600000,1657962000000,1658048400000,1658134800000,1658221200000,1658307600000,1658394000000,1658480400000,1658566800000,1658653200000],"data":[[1571000.0,1693000.0,1556500.0,1627000.0,98180.14470438,158155202780.5337219238],[1625500.0,1857500.0,1577500.0,1780500.0,140751.06067051,239998919500.4652404785],[1780500.0,1820000.0,1742000.0,1767500.0,117113.6074361,208908511123.2119140625],[1767500.0,2092000.0,1764000.0,2072000.0,185860.47179199,357242600697.5567626953],[2072000.0,2135000.0,1965000.0,2027000.0,184621.23102597,375119567884.9929199219],[2027000.0,2124000.0,1974000.0,1999000.0,156830.45497546,321994156628.2838745117],[2000000.0,2108000.0,1936000.0,2068000.0,118447.39370384,237430191670.6636657715],[2067000.0,2166000.0,2012000.0,2033000.0,113668.10271551,238318064405.7184143066],[2036000.0,2102000.0,1985000.0,2049000.0,75889.32780029,155127131331.1137695312],[2049000.0,2084000.0,2046000.0,2055000.0,10095.63781531,20891223418.8503913879]]}