{"columns":["open","high","low","close","volume","value"],"index":[1657875600000,1657962000000,1658048400000,1658134800000,1658221200000,1658307600000,1658394000000,1658480400000,1658566800000,1658653200000],"data":[[87.7,94.8,85.9,90.4,188929456.5717957318,17213856735.4807472229],[90.5,94.8,88.6,91.4,90739227.7323667705,8303540315.7675695419],[91.4,91.5,89.0,89.4,25787185.5379720405,2318218534.4311261177],[89.6,92.9,88.7,92.4,56606406.2245924324,5141673194.6949157715],[92.2,103.0,92.2,97.3,318996670.8950003982,31174661406.2121963501],[97.3,97.6,92.5,93.1,62982035.8001121432,6039144190.7530498505],[95.2,95.8,89.1,94.6,34948374.2846498936,3230836540.2780942917],[94.8,94.9,92.5,93.7,19784266.312656749,1853911977.9438593388],[93.6,95.0,92.5,94.9,16740656.9549510591,1568203540.8802962303],[94.9,95.2,93.8,94.1,3187147.8798808102,300607263.9887841344]]}