{"columns":["open","high","low","close","volume","value"],"index":[1657875600000,1657962000000,1658048400000,1658134800000,1658221200000,1658307600000,1658394000000,1658480400000,1658566800000,1658653200000],"data":[[8265.0,8475.0,8100.0,8355.0,1062141.82752731,8795747021.003786087],[8350.0,8700.0,8140.0,8655.0,1056285.2240096901,8850407543.8936862946],[8660.0,8800.0,8360.0,8375.0,1009034.5462007601,8647711456.5810928345],[8380.0,9300.0,8370.0,9215.0,1944077.4241719099,17366562383.884059906],[9210.0,9630.0,8860.0,9520.0,3222589.7042434602,29902862799.2528495789],[9515.0,9985.0,8935.0,9030.0,1730463.7669520201,16536234931.719165802],[9025.0,9270.0,8775.0,9185.0,1043527.8932897,9419579557.164106369],[9200.0,9575.0,8930.0,8995.0,1109437.6812944999,10311542865.0036239624],[9010.0,9275.0,8805.0,9060.0,759150.77510179,6866885637.3291244507],[9070.0,9190.0,9070.0,9115.0,64511.36451798,589288601.8597265482]]}