{"columns":["open","high","low","close","volume","value"],"index":[1657875600000,1657962000000,1658048400000,1658134800000,1658221200000,1658307600000,1658394000000,1658480400000,1658566800000,1658653200000],"data":[[1615.0,1705.0,1600.0,1680.0,6177841.4988615699,10098376229.0814571381],[1680.0,1770.0,1635.0,1715.0,10259899.5902771093,17595601962.2073020935],[1720.0,1740.0,1640.0,1650.0,5083395.4668075303,8617303954.4190807343],[1650.0,1755.0,1640.0,1740.0,6790710.7181355897,11567776249.2914066315],[1740.0,1865.0,1700.0,1850.0,9611573.3865405601,17032721908.5755805969],[1845.0,2165.0,1780.0,2035.0,50924761.6267375499,100158673162.1434173584],[2035.0,2055.0,1845.0,1940.0,29607809.9527757317,57243366670.6465454102],[1940.0,1950.0,1795.0,1850.0,11652225.7418583706,22200895412.3658752441],[1850.0,1895.0,1790.0,1845.0,7651065.4031893304,14130942828.4216136932],[1850.0,1855.0,1820.0,1830.0,764211.60611079,1402219770.4272401333]]}