{"columns":["open","high","low","close","volume","value"],"index":[1657875600000,1657962000000,1658048400000,1658134800000,1658221200000,1658307600000,1658394000000,1658480400000,1658566800000,1658653200000],"data":[[53.2,56.5,52.3,54.3,158762219.3781098127,8648097421.2643527985],[54.3,55.1,53.2,54.7,34906616.0017316788,1887838387.9584867954],[54.7,55.7,53.8,53.9,45639158.6735561416,2490856181.3214607239],[54.0,56.2,53.6,55.8,58179526.4988323003,3206119150.123029232],[56.0,58.2,55.1,57.7,95473527.8295141757,5387131135.5133256912],[57.8,59.3,55.2,56.2,76934354.395911023,4449678667.1563339233],[56.3,56.9,54.6,56.4,31351177.1517427415,1738446486.7601165771],[56.4,57.1,55.1,55.8,29956918.3023409583,1682485649.0947232246],[56.0,56.5,55.0,55.8,19846306.9526037984,1108697710.039937973],[55.9,56.7,55.6,56.0,3331757.10564717,187170515.2474892735]]}