{"columns":["open","high","low","close","volume","value"],"index":[1657875600000,1657962000000,1658048400000,1658134800000,1658221200000,1658307600000,1658394000000,1658480400000,1658566800000,1658653200000],"data":[[120000.0,126000.0,114650.0,119400.0,208471.81000471,25208379992.7315483093],[119400.0,125950.0,115650.0,121650.0,131297.69324059,15798158447.5524406433],[121650.0,122800.0,114250.0,116600.0,112966.70835727,13420184675.4122085571],[116600.0,129700.0,115750.0,125750.0,185794.66295311,23060794508.7170982361],[125950.0,134750.0,121100.0,125700.0,201723.37892989,25901170956.0767440796],[125700.0,132950.0,117950.0,119300.0,150747.83410665,19146022680.6053009033],[119150.0,128100.0,115900.0,125200.0,92282.0147315,11267263515.3184623718],[125200.0,126800.0,117200.0,118950.0,74470.27368818,9155542115.2241725922],[118650.0,122550.0,113500.0,118250.0,48828.54773389,5757825789.6502504349],[118350.0,120100.0,117750.0,117750.0,6534.66008436,775703008.851485014]]}