{"columns":["open","high","low","close","volume","value"],"index":[1657875600000,1657962000000,1658048400000,1658134800000,1658221200000,1658307600000,1658394000000,1658480400000,1658566800000,1658653200000],"data":[[513.0,529.0,505.0,515.0,31767470.4995986894,16461285982.7996120453],[516.0,530.0,507.0,524.0,21377131.3601877093,11075849609.5589885712],[524.0,535.0,505.0,506.0,17739186.5412425287,9214941534.5043029785],[506.0,547.0,505.0,540.0,28764359.8926806115,15242734508.7737083435],[540.0,577.0,537.0,565.0,62237575.5083414614,34926598429.5550765991],[565.0,581.0,510.0,518.0,45321394.1912554204,25355947891.4320144653],[518.0,532.0,500.0,529.0,20992876.4883976392,10835770734.2980079651],[530.0,548.0,506.0,515.0,23621122.1035511717,12593369869.2815170288],[516.0,532.0,500.0,514.0,17895843.2669756599,9188852277.3237113953],[513.0,518.0,512.0,513.0,1370517.93306223,705761647.8296965361]]}