{"columns":["open","high","low","close","volume","value"],"index":[1657875600000,1657962000000,1658048400000,1658134800000,1658221200000,1658307600000,1658394000000,1658480400000,1658566800000,1658653200000],"data":[[10.0,10.1,9.58,9.85,1061056772.5394537449,10436443891.2170982361],[9.85,10.3,9.77,10.2,888775814.6814115047,8889456031.6269989014],[10.2,10.3,9.92,10.0,364618945.8768286109,3673437111.9739699364],[10.0,10.7,9.98,10.6,509146091.1718406677,5268169993.7246141434],[10.5,11.5,10.5,11.3,955684281.5882526636,10410496594.5426120758],[11.3,11.5,10.3,10.5,586922776.9055347443,6500996421.6087579727],[10.5,10.7,10.0,10.5,381699948.3899538517,3931152327.4442954063],[10.5,10.7,10.0,10.3,375741562.8036339283,3900980633.3255281448],[10.3,10.4,9.9,10.2,319844755.2171320319,3239751457.1404876709],[10.1,10.3,10.1,10.1,16579669.0218337104,169502677.6208921969]]}