{"columns":["open","high","low","close","volume","value"],"index":[1657875600000,1657962000000,1658048400000,1658134800000,1658221200000,1658307600000,1658394000000,1658480400000,1658566800000,1658653200000],"data":[[5.14,5.21,5.06,5.15,661637734.8912577629,3399781498.7157564163],[5.16,5.44,5.15,5.25,1356359502.0793635845,7123317529.5406227112],[5.25,5.48,5.18,5.24,1041982690.4843869209,5564078230.4167766571],[5.24,5.83,5.21,5.61,2118403225.9293181896,11819839171.4549026489],[5.6,5.96,5.45,5.9,1689374369.0818858147,9629723610.0219669342],[5.9,6.68,5.71,5.79,5683944619.6828689575,35487587149.2856216431],[5.79,5.92,5.45,5.74,845837688.4482769966,4800243040.1470746994],[5.72,5.89,5.56,5.65,493078005.0525480509,2833197857.1843400002],[5.64,5.73,5.52,5.62,342471470.0790655017,1927487691.7299180031],[5.63,5.69,5.62,5.64,60657753.7802208737,342962251.5401014686]]}