{"columns":["open","high","low","close","volume","value"],"index":[1657875600000,1657962000000,1658048400000,1658134800000,1658221200000,1658307600000,1658394000000,1658480400000,1658566800000,1658653200000],"data":[[3140.0,3155.0,3070.0,3150.0,5464433.65864251,17009217516.0067501068],[3145.0,3170.0,3065.0,3155.0,4366527.1395769501,13615688635.9657058716],[3155.0,3175.0,3075.0,3085.0,5065938.3963657403,15834439744.8213100433],[3085.0,3335.0,3070.0,3235.0,14404154.4711725991,46130785862.7434310913],[3240.0,3370.0,3155.0,3355.0,15168692.8689103108,49392676898.4561538696],[3360.0,3540.0,3145.0,3185.0,19781755.9120588005,67162767757.996887207],[3185.0,3325.0,3120.0,3245.0,12814184.1767972391,41422057449.4850616455],[3250.0,3305.0,3175.0,3200.0,6612198.8219259698,21426698562.4129943848],[3200.0,3230.0,3140.0,3200.0,3962055.5400848598,12624034187.1474304199],[3195.0,3210.0,3170.0,3170.0,583003.98626656,1858577305.7458305359]]}