{"columns":["open","high","low","close","volume","value"],"index":[1657875600000,1657962000000,1658048400000,1658134800000,1658221200000,1658307600000,1658394000000,1658480400000,1658566800000,1658653200000],"data":[[913.0,948.0,887.0,922.0,21175745.3725405894,19384280770.4296951294],[921.0,935.0,895.0,920.0,8937354.6823962405,8158958209.3610315323],[920.0,935.0,901.0,912.0,11533415.7659083307,10551826991.0227565765],[912.0,953.0,900.0,950.0,21975128.8477282412,20279517716.0663490295],[950.0,985.0,908.0,978.0,26264065.9594125301,24665714066.2545318604],[978.0,1105.0,911.0,929.0,67411581.1484217197,68646798375.996925354],[930.0,995.0,904.0,953.0,36950300.7822947577,35142680979.3034973145],[953.0,957.0,925.0,938.0,14713002.3549189698,13871492719.5305080414],[937.0,957.0,912.0,930.0,10453599.2163057197,9786289923.9488372803],[930.0,937.0,924.0,927.0,1204119.2519140199,1120323531.5232343674]]}