{"columns":["open","high","low","close","volume","value"],"index":[1657875600000,1657962000000,1658048400000,1658134800000,1658221200000,1658307600000,1658394000000,1658480400000,1658566800000,1658653200000],"data":[[1665.0,1750.0,1640.0,1720.0,2177888.16083227,3731644255.4849410057],[1725.0,1765.0,1700.0,1760.0,839351.89816286,1450135931.7036130428],[1760.0,1770.0,1710.0,1720.0,885559.2890777,1539216037.6545667648],[1720.0,1790.0,1720.0,1790.0,1616526.86778419,2853294518.9069752693],[1790.0,1880.0,1765.0,1865.0,4824012.4847639697,8825945877.8579807281],[1855.0,1895.0,1755.0,1785.0,2573793.2551817298,4753739367.1267156601],[1785.0,1805.0,1715.0,1805.0,1111317.17814104,1956211722.2068207264],[1800.0,1835.0,1770.0,1810.0,1327423.31662306,2393168201.3854284286],[1810.0,1810.0,1745.0,1800.0,880008.87679376,1573848247.8922696114],[1795.0,1800.0,1775.0,1785.0,176009.15082194,314497664.3144435883]]}