{"columns":["open","high","low","close","volume","value"],"index":[1657875600000,1657962000000,1658048400000,1658134800000,1658221200000,1658307600000,1658394000000,1658480400000,1658566800000,1658653200000],"data":[[115.0,120.0,112.0,118.0,37878002.210067749,4411669515.5970668793],[118.0,120.0,115.0,119.0,21534636.7383873984,2524373507.6954755783],[118.0,120.0,115.0,116.0,22419478.2299970314,2638517553.7959012985],[116.0,122.0,115.0,121.0,34065152.4246786386,4057930566.5049905777],[121.0,127.0,119.0,126.0,54772852.0421548486,6694394954.0882844925],[126.0,128.0,119.0,122.0,41530709.2402426228,5196063842.3680906296],[122.0,133.0,120.0,130.0,83027295.7364650071,10481019033.9099502563],[129.0,130.0,125.0,129.0,33225056.84875907,4253206657.3715620041],[128.0,130.0,123.0,126.0,21441212.5276124105,2720553727.9099397659],[127.0,127.0,126.0,127.0,2896659.3418085799,365794886.0984460711]]}