{"columns":["open","high","low","close","volume","value"],"index":[1657875600000,1657962000000,1658048400000,1658134800000,1658221200000,1658307600000,1658394000000,1658480400000,1658566800000,1658653200000],"data":[[52.6,57.0,51.7,53.5,217433652.0396955013,11918209692.420671463],[53.5,55.8,53.4,54.9,104942975.4737170041,5737430894.5276021957],[54.9,55.5,53.2,53.6,52504130.7156084627,2860778644.9969935417],[53.6,60.5,53.4,58.7,142833878.7661880255,8162711548.682091713],[58.9,87.5,57.7,68.5,2331961699.0573415756,167101138639.5273132324],[68.5,73.5,62.3,63.0,854027516.6854908466,58447724801.847618103],[63.0,67.6,60.2,64.4,266993991.3484613895,17067360894.8701114655],[64.4,66.7,61.5,62.8,100254862.5162791461,6460498275.251206398],[62.8,71.9,62.5,66.4,1145248195.5377025604,78055235106.5932159424],[66.4,67.0,64.6,64.9,33442568.2932909504,2194563651.0737981796]]}