{"columns":["open","high","low","close","volume","value"],"index":[1657875600000,1657962000000,1658048400000,1658134800000,1658221200000,1658307600000,1658394000000,1658480400000,1658566800000,1658653200000],"data":[[6.86,7.12,6.73,7.04,414670183.971909523,2881895251.0689835548],[7.04,7.39,6.94,7.12,655915261.6680181026,4713607155.79342556],[7.11,7.55,6.95,6.97,1035655133.7011890411,7551719443.102763176],[6.97,7.3,6.96,7.24,889773409.4277544022,6376936313.288939476],[7.26,7.61,7.14,7.61,776481404.1950737238,5705264675.6660356522],[7.61,7.8,7.2,7.33,682453560.4458495378,5167229021.9500017166],[7.33,7.39,7.02,7.28,363851764.1672500968,2601968346.2390980721],[7.29,7.6,7.14,7.31,492035995.6542497873,3590823765.0643286705],[7.33,7.35,7.07,7.24,174456934.9899212718,1261182850.7616987228],[7.25,7.29,7.17,7.23,13860401.7163174096,100198792.5707963258]]}