{"columns":["open","high","low","close","volume","value"],"index":[1657875600000,1657962000000,1658048400000,1658134800000,1658221200000,1658307600000,1658394000000,1658480400000,1658566800000,1658653200000],"data":[[1345.0,1480.0,1330.0,1385.0,4865605.2594792498,6861808746.2113790512],[1385.0,1435.0,1375.0,1420.0,1840708.3505768599,2588658039.2146334648],[1420.0,1425.0,1375.0,1390.0,1433633.0308325801,2011010888.9846456051],[1390.0,1465.0,1380.0,1460.0,2428354.6612758799,3463137760.5721735954],[1465.0,1515.0,1425.0,1515.0,2771254.0459417701,4062570490.4800739288],[1515.0,1575.0,1450.0,1485.0,4619749.5899210498,7037499155.0067739487],[1485.0,1490.0,1415.0,1475.0,1709904.13799643,2485142658.0166225433],[1480.0,1540.0,1460.0,1485.0,2485793.4488776699,3735893478.8202371597],[1480.0,1520.0,1435.0,1470.0,1509757.3998656599,2224843163.2435464859],[1470.0,1475.0,1455.0,1465.0,107115.83028216,157173714.9214529097]]}