{"columns":["open","high","low","close","volume","value"],"index":[1657875600000,1657962000000,1658048400000,1658134800000,1658221200000,1658307600000,1658394000000,1658480400000,1658566800000,1658653200000],"data":[[2325.0,2395.0,2285.0,2340.0,1057272.63939521,2471518540.0130367279],[2340.0,2425.0,2305.0,2420.0,732068.97469265,1728708886.9366948605],[2415.0,2480.0,2375.0,2385.0,1357273.4179656301,3294132238.498155117],[2390.0,2555.0,2375.0,2540.0,2291802.63845459,5715625428.5556383133],[2535.0,2685.0,2475.0,2645.0,3083605.4653989598,7951501922.9193820953],[2650.0,2700.0,2455.0,2480.0,2459245.2197837699,6407268074.2847986221],[2480.0,2560.0,2405.0,2520.0,1218765.64390772,3030792341.9312491417],[2520.0,2930.0,2520.0,2675.0,17973719.1623889208,49952313062.5741882324],[2670.0,2870.0,2630.0,2750.0,10083733.1075311601,27933448998.1091804504],[2750.0,2775.0,2705.0,2710.0,480053.70056432,1310914237.8507044315]]}