{"columns":["open","high","low","close","volume","value"],"index":[1657875600000,1657962000000,1658048400000,1658134800000,1658221200000,1658307600000,1658394000000,1658480400000,1658566800000,1658653200000],"data":[[463.0,472.0,454.0,469.0,16292197.2649516799,7561496544.715839386],[469.0,486.0,457.0,475.0,13941050.0288763195,6545979241.6937360764],[475.0,502.0,472.0,479.0,59182615.2673031837,28923445251.5753860474],[479.0,508.0,473.0,505.0,60430453.7769168764,29886702368.8338546753],[505.0,539.0,494.0,532.0,60551957.20168484,30908199449.892074585],[532.0,544.0,485.0,494.0,54812950.4085431099,28699101856.0791435242],[494.0,512.0,474.0,503.0,40782078.3647650331,20153473489.6734313965],[503.0,513.0,491.0,497.0,28117994.809620861,14122459422.4994678497],[497.0,529.0,491.0,513.0,42645078.6109969094,21672030613.2821960449],[513.0,518.0,509.0,510.0,4898164.4696608,2513454623.1341915131]]}