{"columns":["open","high","low","close","volume","value"],"index":[1657875600000,1657962000000,1658048400000,1658134800000,1658221200000,1658307600000,1658394000000,1658480400000,1658566800000,1658653200000],"data":[[381.0,385.0,374.0,382.0,23982681.3690456115,9110358485.4907779694],[383.0,389.0,377.0,387.0,13783282.8684531506,5268428657.9384050369],[387.0,390.0,379.0,382.0,19448987.070172701,7499175443.4827651978],[382.0,404.0,379.0,402.0,46648330.006953679,18402220809.3508872986],[402.0,426.0,395.0,423.0,84411734.4151167274,34714539069.567237854],[424.0,439.0,400.0,405.0,76384451.731917724,32361619405.4410514832],[405.0,442.0,404.0,422.0,143100280.241645962,60531552946.6899642944],[422.0,435.0,412.0,416.0,58158197.9482482001,24741844920.5121765137],[416.0,421.0,405.0,413.0,23090191.3799518384,9548416830.0303058624],[413.0,417.0,409.0,413.0,3606183.3186404598,1489106028.3252842426]]}