{"columns":["open","high","low","close","volume","value"],"index":[1657875600000,1657962000000,1658048400000,1658134800000,1658221200000,1658307600000,1658394000000,1658480400000,1658566800000,1658653200000],"data":[[259.0,265.0,255.0,263.0,8284012.9870754303,2156585608.5397658348],[264.0,270.0,261.0,267.0,8274564.3296615304,2192174645.8224577904],[267.0,268.0,260.0,262.0,7292560.3602184402,1924937500.0250878334],[261.0,277.0,259.0,274.0,9987878.5967733506,2684827458.4851241112],[275.0,284.0,267.0,282.0,13022386.1862857193,3583037613.0860276222],[282.0,328.0,277.0,289.0,194132917.9871944189,59772150489.0951538086],[290.0,290.0,270.0,286.0,35130346.472005628,9766550355.9362735748],[286.0,291.0,274.0,280.0,16802563.2850932814,4753566131.894949913],[281.0,298.0,276.0,284.0,43286024.946859777,12405203028.9855155945],[284.0,284.0,279.0,280.0,1782934.1748358901,501791144.2581737041]]}