{"columns":["open","high","low","close","volume","value"],"index":[1657875600000,1657962000000,1658048400000,1658134800000,1658221200000,1658307600000,1658394000000,1658480400000,1658566800000,1658653200000],"data":[[73.6,97.6,72.7,81.4,1698732808.774171114,149056244214.0534057617],[81.6,82.1,76.9,78.5,117559544.6811419427,9227572077.6918640137],[78.6,78.6,76.1,76.3,37600069.4402668774,2909460647.8704929352],[76.3,79.0,76.2,78.8,58473023.7706176266,4548016076.6035985947],[78.8,85.4,78.4,83.2,261404512.3937070072,21365687393.8769035339],[83.3,84.3,78.4,79.4,71848858.3319901526,5916061326.2072525024],[79.3,80.5,76.9,80.4,31937299.8266361803,2515117866.3088917732],[80.5,84.5,78.6,83.3,81495398.7897088379,6705201169.7110481262],[83.3,83.6,79.9,82.3,33160800.6227322482,2709021945.9312052727],[82.3,82.8,81.9,82.0,3777826.0091157001,310662591.7297954559]]}