{"columns":["open","high","low","close","volume","value"],"index":[1657875600000,1657962000000,1658048400000,1658134800000,1658221200000,1658307600000,1658394000000,1658480400000,1658566800000,1658653200000],"data":[[1740.0,1920.0,1740.0,1865.0,19601474.8144419603,36149901449.5747070312],[1870.0,1880.0,1765.0,1850.0,6029490.4090336803,10946364662.660774231],[1850.0,1865.0,1780.0,1790.0,3360553.1299442099,6104073018.1704435349],[1785.0,1905.0,1785.0,1890.0,4948337.45731284,9209323975.5700435638],[1890.0,2160.0,1870.0,1985.0,30533873.9887893498,61857922169.534942627],[1985.0,2085.0,1860.0,1885.0,8858334.6445321403,17660998078.462890625],[1880.0,1945.0,1800.0,1930.0,3575034.4242283101,6669581394.1327066422],[1930.0,1965.0,1840.0,1860.0,3022151.4274634402,5798776969.0212631226],[1865.0,1970.0,1825.0,1885.0,5080089.4342618296,9635833975.5824871063],[1885.0,1895.0,1870.0,1875.0,260228.49969713,489847115.145187974]]}