{"columns":["open","high","low","close","volume","value"],"index":[1657875600000,1657962000000,1658048400000,1658134800000,1658221200000,1658307600000,1658394000000,1658480400000,1658566800000,1658653200000],"data":[[3510.0,3575.0,3435.0,3555.0,818509.29731916,2867010022.6930861473],[3555.0,3610.0,3495.0,3610.0,516522.01117836,1833030559.7012684345],[3595.0,3645.0,3515.0,3540.0,638958.34107089,2281678124.9273471832],[3540.0,3725.0,3500.0,3700.0,1206097.3958671,4369884941.7675418854],[3700.0,3820.0,3600.0,3800.0,1510464.37141245,5580870996.2527389526],[3805.0,4020.0,3590.0,3665.0,3234295.8986777202,12354769484.5162601471],[3665.0,3745.0,3520.0,3680.0,962395.1340924,3496281093.5339841843],[3690.0,3930.0,3635.0,3840.0,4053624.53689908,15349054567.0883197784],[3845.0,3865.0,3660.0,3755.0,1063596.6445960901,3984714752.7403702736],[3750.0,3750.0,3700.0,3705.0,109935.87042211,409023359.4922741055]]}