{"columns":["open","high","low","close","volume","value"],"index":[1657875600000,1657962000000,1658048400000,1658134800000,1658221200000,1658307600000,1658394000000,1658480400000,1658566800000,1658653200000],"data":[[135800.0,141000.0,134450.0,140050.0,44316.58029399,6095048175.1951389313],[140050.0,145750.0,137350.0,143800.0,49179.09446071,6977032830.3077821732],[143800.0,153250.0,141650.0,145650.0,104791.60410655,15402877557.249879837],[145650.0,159350.0,145600.0,158550.0,137013.16738629,20857239575.7883415222],[158400.0,169450.0,152550.0,168250.0,116865.42060416,18821182148.4774665833],[168100.0,172450.0,157700.0,160050.0,84796.06812395,14073394840.4356327057],[160050.0,163550.0,154850.0,161900.0,47707.28394724,7624520693.8355350494],[161900.0,172200.0,159100.0,163850.0,220976.65144183,36907942235.9082641602],[163900.0,167450.0,157300.0,162000.0,59915.81963341,9764909714.494310379],[162000.0,166550.0,162000.0,165200.0,8092.46663294,1331587802.2927875519]]}