{"columns":["open","high","low","close","volume","value"],"index":[1657875600000,1657962000000,1658048400000,1658134800000,1658221200000,1658307600000,1658394000000,1658480400000,1658566800000,1658653200000],"data":[[27.1,27.8,26.7,27.7,143265298.2086010575,3922051303.5676112175],[27.6,28.1,27.1,28.0,71449769.2770245969,1972627605.3756816387],[28.0,29.3,27.8,28.2,229794911.0627869368,6532385872.6098270416],[28.2,29.2,27.9,29.2,177254851.6136056483,5076852571.3289003372],[29.2,30.3,28.5,30.1,200643790.4675400853,5883097154.2410478592],[30.2,31.7,28.5,28.8,241828559.0312569439,7298268225.983663559],[28.8,30.7,28.0,29.4,371533473.216975987,10940759523.2482910156],[29.5,29.6,28.6,28.9,100781383.2097824663,2938114360.9800667763],[28.9,29.2,28.2,28.9,57542068.3293154687,1656521573.7694089413],[28.8,28.9,28.7,28.9,5646240.9242250202,162536149.8014918268]]}