{"columns":["open","high","low","close","volume","value"],"index":[1657875600000,1657962000000,1658048400000,1658134800000,1658221200000,1658307600000,1658394000000,1658480400000,1658566800000,1658653200000],"data":[[811.0,921.0,795.0,863.0,69911003.7468859553,60978599358.8019561768],[864.0,886.0,837.0,876.0,7935152.4894886501,6809640032.8619165421],[876.0,895.0,844.0,853.0,5423201.4988417402,4706173501.3214426041],[853.0,964.0,848.0,939.0,48713430.5679033771,45129959643.2165985107],[939.0,1030.0,929.0,969.0,59365510.0181943625,57476032317.4427719116],[968.0,981.0,878.0,890.0,24316533.2580523416,23039001537.3430366516],[890.0,914.0,853.0,904.0,7155757.5931149898,6305672999.9677276611],[903.0,939.0,869.0,878.0,10189525.9606430195,9294944664.1977443695],[878.0,925.0,866.0,901.0,14609819.8126859199,13178821953.8100986481],[901.0,910.0,900.0,904.0,537041.39168395,485630274.1134514213]]}