{"columns":["open","high","low","close","volume","value"],"index":[1657875600000,1657962000000,1658048400000,1658134800000,1658221200000,1658307600000,1658394000000,1658480400000,1658566800000,1658653200000],"data":[[425.0,443.0,422.0,435.0,11721341.1393550299,5075907151.4041194916],[436.0,443.0,430.0,442.0,3010193.6812490602,1315293604.759983778],[442.0,446.0,434.0,437.0,3556578.5322707598,1564134973.0185770988],[437.0,455.0,433.0,453.0,7713159.8663126798,3441142391.0742897987],[453.0,479.0,450.0,473.0,25748590.9862854891,11918277963.0766963959],[473.0,478.0,450.0,454.0,11512200.4651264902,5394652085.2127695084],[455.0,489.0,438.0,454.0,43741817.1726491302,20363658634.8458061218],[454.0,463.0,446.0,451.0,7048736.1928462097,3190719198.2985458374],[451.0,456.0,443.0,452.0,2973359.8749524499,1338422366.587338686],[452.0,456.0,451.0,452.0,700976.3637058,317739867.2482786179]]}