{"columns":["open","high","low","close","volume","value"],"index":[1657875600000,1657962000000,1658048400000,1658134800000,1658221200000,1658307600000,1658394000000,1658480400000,1658566800000,1658653200000],"data":[[45.1,47.1,44.3,46.3,126468966.6593956351,5824566352.9257593155],[46.3,47.1,45.2,46.9,37254049.2098137513,1717119642.8731086254],[46.9,52.1,46.9,48.2,632884070.3313882351,31282601475.9692230225],[48.0,49.8,47.0,49.6,136328231.7883419991,6589275895.5902051926],[49.7,51.0,48.1,50.9,113151956.0686409324,5585736140.0056934357],[50.9,55.5,48.1,49.0,331015249.7150874138,17320621307.0255012512],[49.0,50.3,47.0,49.2,58076120.9687558264,2811841624.9422922134],[49.1,49.8,48.1,48.5,38424552.00698632,1880980872.2499449253],[48.5,48.9,47.4,48.3,24080418.9028017297,1163874751.1486253738],[48.3,48.7,48.1,48.2,2974496.58230065,144053996.3669810593]]}