{"columns":["open","high","low","close","volume","value"],"index":[1657875600000,1657962000000,1658048400000,1658134800000,1658221200000,1658307600000,1658394000000,1658480400000,1658566800000,1658653200000],"data":[[11820.0,12490.0,11700.0,11950.0,1269311.0661291601,15282600068.1214313507],[11960.0,12340.0,11650.0,12140.0,639661.71768775,7643070804.6310424805],[12140.0,12320.0,11710.0,11780.0,691765.22452585,8317047130.1367521286],[11780.0,12890.0,11730.0,12530.0,1578172.4603331501,19664009118.5935668945],[12530.0,14150.0,12150.0,13790.0,2917790.3966703098,38630938942.7974014282],[13790.0,13950.0,12590.0,12720.0,1929745.4672200901,25965419721.1869354248],[12720.0,14800.0,12670.0,14530.0,6589397.8710377803,92081954120.9290618896],[14520.0,14950.0,13700.0,14110.0,3291167.1032388601,47351556263.7070770264],[14090.0,14750.0,13010.0,13430.0,2382236.2828695299,32898892498.4362831116],[13420.0,13500.0,13180.0,13230.0,207590.55142911,2769496967.595937252]]}