{"columns":["open","high","low","close","volume","value"],"index":[1657875600000,1657962000000,1658048400000,1658134800000,1658221200000,1658307600000,1658394000000,1658480400000,1658566800000,1658653200000],"data":[[560.0,577.0,546.0,574.0,8009270.3506725598,4495678927.6466522217],[574.0,617.0,572.0,599.0,43284187.9317993298,26047038503.367855072],[597.0,604.0,580.0,583.0,11639141.1614596993,6863000354.4807195663],[583.0,620.0,577.0,614.0,18141258.3870639317,10851220821.2549362183],[614.0,635.0,597.0,633.0,14421839.1889649499,8882839446.7613487244],[633.0,639.0,589.0,597.0,15085438.5473625306,9443803685.3641891479],[597.0,666.0,597.0,619.0,65222405.8866891935,40931299478.2197113037],[619.0,623.0,604.0,608.0,13813886.8314003106,8497209033.7417345047],[608.0,618.0,585.0,605.0,7525469.12010861,4547536611.2764148712],[605.0,630.0,602.0,610.0,6062766.2602683799,3743955873.2558765411]]}