{"columns":["open","high","low","close","volume","value"],"index":[1657875600000,1657962000000,1658048400000,1658134800000,1658221200000,1658307600000,1658394000000,1658480400000,1658566800000,1658653200000],"data":[[6.16,6.29,5.57,5.83,4785950543.3333749771,27898401639.8494873047],[5.83,6.01,5.6,5.78,3069671682.5206565857,17732779188.6647720337],[5.78,5.94,5.7,5.8,2619265223.9303011894,15167499454.931892395],[5.8,5.99,5.71,5.93,2997968416.763150692,17518772746.6683807373],[5.93,9.0,5.85,7.73,49283458547.6250686646,373708578053.0653686523],[7.73,8.95,6.62,6.89,27683232293.329826355,216579802918.8596191406],[6.88,7.01,6.31,6.87,8914943703.8878211975,59645534793.6726760864],[6.87,7.02,6.6,6.71,4778889307.013048172,32524809715.2644195557],[6.71,6.78,6.41,6.6,2242268874.5517764091,14846971628.1699295044],[6.61,6.64,6.5,6.51,246183035.7230178118,1613177141.0382277966]]}