{"columns":["open","high","low","close","volume","value"],"index":[1657875600000,1657962000000,1658048400000,1658134800000,1658221200000,1658307600000,1658394000000,1658480400000,1658566800000,1658653200000],"data":[[936.0,967.0,895.0,930.0,170764247.8664314747,158436206547.0148620605],[930.0,979.0,905.0,958.0,70786820.7939265221,66446835771.5996627808],[958.0,1040.0,943.0,994.0,86057499.4369108826,85801666413.0832061768],[994.0,1280.0,981.0,1260.0,213688570.259435147,250119200552.0674438477],[1260.0,1280.0,1160.0,1220.0,116739019.6018318534,141777520555.2546691895],[1215.0,1255.0,1080.0,1095.0,76301346.3436101675,89417376152.9206085205],[1095.0,1225.0,1050.0,1185.0,108571315.9957362562,124235790491.8852386475],[1190.0,1225.0,1120.0,1125.0,68974152.6856880039,81541966543.5367736816],[1125.0,1175.0,1085.0,1155.0,41588755.3235476911,46950358962.3934326172],[1150.0,1170.0,1135.0,1135.0,3488296.7207297999,4006052945.992079258]]}