{"columns":["open","high","low","close","volume","value"],"index":[1657875600000,1657962000000,1658048400000,1658134800000,1658221200000,1658307600000,1658394000000,1658480400000,1658566800000,1658653200000],"data":[[1585.0,1625.0,1550.0,1595.0,57604467.9533856437,91417229995.6452484131],[1595.0,1665.0,1585.0,1645.0,66127712.0167807266,107184802073.3273773193],[1645.0,1660.0,1555.0,1565.0,49593879.1877508685,79854744484.3600616455],[1565.0,1830.0,1555.0,1805.0,129071025.5794559568,221541692516.4804992676],[1800.0,1940.0,1765.0,1865.0,178642958.4140510261,330073670062.4852294922],[1865.0,1955.0,1725.0,1745.0,113839938.3881982863,211334197380.1922912598],[1750.0,1835.0,1680.0,1810.0,104141271.1242577881,184485529974.1129150391],[1815.0,1885.0,1750.0,1765.0,77134311.0733148456,141407613373.2908935547],[1760.0,1815.0,1730.0,1785.0,48625121.5452287123,86202965670.427444458],[1780.0,1825.0,1770.0,1775.0,9250017.5354231596,16588378526.5570316315]]}