{"columns":["open","high","low","close","volume","value"],"index":[1657875600000,1657962000000,1658048400000,1658134800000,1658221200000,1658307600000,1658394000000,1658480400000,1658566800000,1658653200000],"data":[[7.65,8.52,7.51,7.97,1160463283.3178412914,9408272913.1207408905],[7.99,8.8,7.94,8.23,2348774682.9682221413,19713079017.0177650452],[8.23,8.63,8.01,8.05,1173503725.2500424385,9802658261.348777771],[8.07,8.54,8.06,8.41,1239345828.4991106987,10280372821.8071613312],[8.42,8.76,8.17,8.69,744874579.1225663424,6310842344.7993688583],[8.69,8.93,8.17,8.35,628976955.9752037525,5457162832.1114263535],[8.35,8.55,8.01,8.39,176972966.7956843078,1452089594.9493010044],[8.39,8.46,8.23,8.44,150518358.1675466597,1256646070.9253470898],[8.44,8.46,8.15,8.38,142075963.1162925661,1186371198.9391682148],[8.39,8.47,8.28,8.31,24225247.4311233684,202764343.2419804037]]}