{"columns":["open","high","low","close","volume","value"],"index":[1657875600000,1657962000000,1658048400000,1658134800000,1658221200000,1658307600000,1658394000000,1658480400000,1658566800000,1658653200000],"data":[[224.0,227.0,218.0,226.0,24219076.7579432912,5378154538.7220544815],[225.0,231.0,221.0,231.0,15018609.6792858392,3377744192.4692239761],[231.0,233.0,226.0,230.0,18905310.8004098497,4329682323.3446588516],[230.0,238.0,226.0,237.0,41515547.5766292065,9658410294.3789997101],[237.0,282.0,237.0,250.0,381261331.2898893952,96708738863.8756256104],[249.0,325.0,246.0,259.0,620909197.1357088089,178108913861.0878601074],[259.0,262.0,245.0,251.0,91524474.4939607531,22966497390.8826713562],[250.0,255.0,245.0,246.0,43989648.3475690782,10940764733.5526008606],[246.0,262.0,241.0,249.0,71517184.5880890042,18079892799.0866889954],[248.0,257.0,247.0,248.0,20164627.0638902187,5070953715.4532718658]]}