{"columns":["open","high","low","close","volume","value"],"index":[1657875600000,1657962000000,1658048400000,1658134800000,1658221200000,1658307600000,1658394000000,1658480400000,1658566800000,1658653200000],"data":[[5.51,5.67,5.4,5.62,458720606.9230744839,2550057349.8875355721],[5.65,6.14,5.61,5.76,1837823444.3882439137,10781899149.3952541351],[5.75,6.02,5.69,5.71,957781097.4351011515,5596707534.7501420975],[5.71,5.94,5.71,5.93,687725112.9481297731,3994712545.1501069069],[5.93,6.31,5.78,6.14,1783890363.4216413498,10785149328.7992229462],[6.14,6.3,5.84,5.94,830319850.6759226322,5094477358.7662591934],[5.94,6.02,5.7,5.95,311155736.7548832297,1816649925.585693121],[5.96,6.04,5.85,5.97,223579497.1314604282,1330654343.2602374554],[5.98,6.01,5.85,5.93,174640964.9542870522,1034859786.5536733866],[5.92,5.96,5.92,5.92,17514199.9279792495,104013239.6069490165]]}