{"columns":["open","high","low","close","volume","value"],"index":[1657875600000,1657962000000,1658048400000,1658134800000,1658221200000,1658307600000,1658394000000,1658480400000,1658566800000,1658653200000],"data":[[48810.0,51410.0,48200.0,49410.0,922238.79413397,45822878393.1987457275],[49400.0,53120.0,48220.0,52000.0,919486.74170664,46583998292.2474822998],[51950.0,53970.0,50570.0,50990.0,992136.80244864,51937185159.7542114258],[50990.0,57500.0,50890.0,56870.0,1842988.9466224799,100175970316.2486114502],[56880.0,61890.0,55970.0,58880.0,2523010.3284413302,148781028917.4481506348],[58820.0,60580.0,54730.0,55280.0,1565590.32554186,91388738753.451385498],[55280.0,57920.0,52490.0,56670.0,1430143.1839632201,78435614715.2981872559],[56650.0,58290.0,53270.0,53810.0,1085680.1469123501,60822206437.6880187988],[53820.0,55180.0,51510.0,53010.0,770712.58942091,41266496396.7785720825],[53000.0,53530.0,52710.0,52730.0,62590.74025494,3323406103.0374550819]]}