{"columns":["open","high","low","close","volume","value"],"index":[1657875600000,1657962000000,1658048400000,1658134800000,1658221200000,1658307600000,1658394000000,1658480400000,1658566800000,1658653200000],"data":[[1280.0,1440.0,1260.0,1335.0,8855802.7822146807,12069678784.7283573151],[1335.0,1360.0,1290.0,1350.0,1700726.2505518401,2249610583.32508564],[1350.0,1355.0,1295.0,1310.0,1690153.9101525301,2235709085.943582058],[1310.0,1370.0,1300.0,1360.0,2803763.6806713901,3751874402.4586715698],[1365.0,1500.0,1335.0,1425.0,13457122.9609280508,19165732363.6607131958],[1425.0,1460.0,1370.0,1405.0,3332977.0643184902,4737043770.4134159088],[1405.0,1420.0,1340.0,1405.0,2155812.7720311,2954689613.3815641403],[1410.0,1440.0,1375.0,1430.0,1903211.7726477401,2666952799.9507708549],[1430.0,1430.0,1370.0,1415.0,1888275.51077332,2641770035.0034775734],[1415.0,1415.0,1400.0,1400.0,196187.82565519,275699969.2095970511]]}