{"columns":["open","high","low","close","volume","value"],"index":[1657875600000,1657962000000,1658048400000,1658134800000,1658221200000,1658307600000,1658394000000,1658480400000,1658566800000,1658653200000],"data":[[501.0,509.0,493.0,507.0,9173680.6213900503,4609329036.0152988434],[507.0,520.0,495.0,519.0,7976041.2856726404,4041572801.9660110474],[520.0,524.0,508.0,510.0,7654125.1571870698,3943023401.468044281],[509.0,557.0,507.0,555.0,18064424.5201099887,9623519935.5851345062],[556.0,596.0,536.0,584.0,23295842.6421177983,13027749199.8497104645],[585.0,638.0,536.0,544.0,44950173.6143842563,26770801004.0803031921],[544.0,574.0,533.0,566.0,28127089.9945051894,15612004394.9843902588],[566.0,592.0,551.0,569.0,16330431.7003508806,9328813412.617351532],[569.0,591.0,546.0,565.0,14495720.0641369298,8226772608.0182352066],[566.0,608.0,566.0,584.0,27510205.4731525593,16296367650.5831794739]]}