{"columns":["open","high","low","close","volume","value"],"index":[1657875600000,1657962000000,1658048400000,1658134800000,1658221200000,1658307600000,1658394000000,1658480400000,1658566800000,1658653200000],"data":[[1180.0,1210.0,1145.0,1200.0,2484281.1819184301,2927445875.1866912842],[1205.0,1225.0,1155.0,1215.0,1343718.0844155799,1606451919.3109481335],[1220.0,1250.0,1195.0,1200.0,1257863.6128451601,1531944060.0001680851],[1200.0,1310.0,1195.0,1295.0,3557709.96512469,4501932958.3796720505],[1305.0,1370.0,1280.0,1345.0,5474959.8858106397,7260548734.7665929794],[1345.0,1385.0,1235.0,1250.0,3213174.1927066301,4248525419.1666736603],[1255.0,1285.0,1205.0,1270.0,1648942.94075269,2058170460.7718043327],[1275.0,1345.0,1255.0,1265.0,5235246.5549253197,6840500670.0877218246],[1275.0,1310.0,1220.0,1255.0,2693705.8635699102,3417634034.6564130783],[1255.0,1265.0,1250.0,1250.0,220376.02193741,276516367.9441611171]]}