{"columns":["open","high","low","close","volume","value"],"index":[1657875600000,1657962000000,1658048400000,1658134800000,1658221200000,1658307600000,1658394000000,1658480400000,1658566800000,1658653200000],"data":[[301.0,306.0,294.0,305.0,21427116.7378564887,6440255334.569642067],[305.0,316.0,303.0,313.0,25746322.57482237,7960014969.0963068008],[314.0,317.0,306.0,307.0,21696070.8444773518,6766306430.7812242508],[307.0,327.0,304.0,323.0,39805859.724297069,12657313283.9161682129],[324.0,336.0,319.0,335.0,56821271.7782924995,18595136786.5319633484],[335.0,348.0,315.0,322.0,66976999.9036591426,22607233066.4954299927],[322.0,327.0,306.0,323.0,24580965.8353683613,7809802580.8634214401],[323.0,328.0,314.0,319.0,24736845.4883916788,7955012087.116645813],[320.0,330.0,312.0,317.0,23663476.1580564789,7594153745.7613372803],[317.0,327.0,317.0,317.0,7089953.0570344096,2283531287.2695207596]]}