{
    "columns":[
        "open",
        "high",
        "low",
        "close",
        "volume",
        "value"
    ],
    "index":[
        1658439300000,
        1658439360000,
        1658439420000,
        1658439480000,
        1658439540000,
        1658439600000,
        1658439660000,
        1658439720000,
        1658439780000,
        1658439840000
    ],
    "data":[
        [
            30100000.0,
            30124000.0,
            30098000.0,
            30124000.0,
            5.08222285,
            153030737.1024999917
        ],
        [
            30111000.0,
            30124000.0,
            30077000.0,
            30086000.0,
            17.80856148,
            536178211.1205300093
        ],
        [
            30086000.0,
            30102000.0,
            30079000.0,
            30089000.0,
            5.93998078,
            178723642.6875
        ],
        [
            30089000.0,
            30090000.0,
            30087000.0,
            30087000.0,
            3.56450012,
            107249052.9703499973
        ],
        [
            30087000.0,
            30124000.0,
            30087000.0,
            30123000.0,
            4.95331394,
            149054472.3906500041
        ],
        [
            30124000.0,
            30130000.0,
            30090000.0,
            30103000.0,
            7.80088047,
            234954990.7917500138
        ],
        [
            30103000.0,
            30103000.0,
            30079000.0,
            30080000.0,
            7.33263124,
            220591696.0111899972
        ],
        [
            30079000.0,
            30101000.0,
            30079000.0,
            30096000.0,
            7.91138231,
            238030924.1798200011
        ],
        [
            30096000.0,
            30160000.0,
            30086000.0,
            30135000.0,
            10.56467227,
            318171265.2422199845
        ],
        [
            30140000.0,
            30196000.0,
            30140000.0,
            30184000.0,
            11.08580848,
            334551778.6621299982
        ]
    ]
}