{
    "columns":[
        "open",
        "high",
        "low",
        "close",
        "volume",
        "value"
    ],
    "index":[
        1658439360000,
        1658439420000,
        1658439480000,
        1658439540000,
        1658439600000,
        1658439660000,
        1658439720000,
        1658439780000,
        1658439840000,
        1658439900000
    ],
    "data":[
        [
            1992500.0,
            1994000.0,
            1991000.0,
            1991500.0,
            144.81818021,
            288636113.7759450078
        ],
        [
            1991500.0,
            1993500.0,
            1991500.0,
            1991500.0,
            37.92071882,
            75539409.3807100058
        ],
        [
            1991500.0,
            1993500.0,
            1990500.0,
            1991500.0,
            56.88828416,
            113334122.7265550047
        ],
        [
            1991500.0,
            1995500.0,
            1991500.0,
            1995500.0,
            131.35729649,
            261893152.0213199854
        ],
        [
            1995000.0,
            1995500.0,
            1993000.0,
            1993000.0,
            25.58647702,
            51037519.4554599971
        ],
        [
            1993000.0,
            1994000.0,
            1992000.0,
            1994000.0,
            26.33593273,
            52481802.2110750005
        ],
        [
            1993000.0,
            1993500.0,
            1992000.0,
            1992500.0,
            50.54982662,
            100718370.362560004
        ],
        [
            1992500.0,
            1998000.0,
            1992000.0,
            1998000.0,
            69.84144198,
            139339660.0868650079
        ],
        [
            1998000.0,
            2002000.0,
            1998000.0,
            2001000.0,
            229.50399546,
            459054676.0872349739
        ],
        [
            2001000.0,
            2003000.0,
            1999000.0,
            1999000.0,
            178.93703967,
            358022359.0386199951
        ]
    ]
}